Date,time_from_start,character_Input,character_position.x,character_position.y,character_get,status_power,status_lighter,status_faster,Live,score
1718466529536,18.60802,Right,-4.910808E-06,3.496092,,False,False,False,3,0
1718466529989,19.06145,,3.660458,3.501086,,False,False,False,3,0
1718466530155,19.22,,4.938272,3.495977,Pallet,False,False,False,3,0
1718466530194,19.26626,,5.207553,3.504609,,False,False,False,3,10
1718466530288,19.36,,6.007553,3.500988,Pallet,False,False,False,3,10
1718466530390,19.4628,,6.814644,3.500394,,False,False,False,3,20
1718466530408,19.48,,6.974644,3.500451,Pallet,False,False,False,3,20
1718466530492,19.56,,7.604271,3.500625,Light,False,True,False,3,30
1718466530493,19.56,,7.604271,3.500625,Pallet,False,True,False,3,30
1718466530591,19.66407,,8.342108,3.499035,,False,True,False,3,80
1718466530668,19.74,,8.982107,3.500298,Pallet,False,True,False,3,80
1718466530793,19.86,,9.936784,3.500574,Pallet,False,True,False,3,90
1718466530795,19.86623,,9.936784,3.500574,,False,True,False,3,100
1718466530930,20,,11.01208,3.500896,Pallet,False,True,False,3,100
1718466530989,20.06144,,11.50266,3.499781,,False,True,False,3,110
1718466531051,20.12,,11.98266,3.50035,Pallet,False,True,False,3,110
1718466531172,20.24,,12.93765,3.500573,Pallet,False,True,False,3,120
1718466531189,20.26152,,13.04553,3.500921,,False,True,False,3,130
1718466531310,20.38,,14.01364,3.500919,Pallet,False,True,False,3,130
1718466531393,20.46487,,14.6651,3.499956,,False,True,False,3,140
1718466531432,20.5,,14.9851,3.500308,Pallet,False,True,False,3,140
1718466531550,20.62,,15.94136,3.500571,Pallet,False,True,False,3,150
1718466531589,20.66162,,16.21944,3.507218,,False,True,False,3,160
1718466531693,20.76,,17.01944,3.501011,Pallet,False,True,False,3,160
1718466531792,20.86435,,17.83291,3.500143,,False,True,False,3,170
1718466531809,20.88,,17.99291,3.50029,Pallet,False,True,False,3,170
1718466531931,21,,18.9521,3.500547,Pallet,False,True,False,3,180
1718466531994,21.06632,,19.39863,3.500712,,False,True,False,3,190
1718466532051,21.12,,19.87863,3.500595,Pallet,False,True,False,3,190
1718466532188,21.26,,21.00693,3.500232,Pallet,False,True,False,3,200
1718466532189,21.26137,,21.00693,3.500232,,False,True,False,3,210
1718466532308,21.38,,21.9689,3.500431,Pallet,False,True,False,3,210
1718466532390,21.46219,,22.59365,3.500636,,False,True,False,3,220
1718466532431,21.5,,22.91365,3.500587,Pallet,False,True,False,3,220
1718466532533,21.6,,23.61817,3.500596,Speed,False,True,True,3,230
1718466532534,21.6,,23.61817,3.500596,Pallet,False,True,True,3,230
1718466532592,21.66424,,24.33817,3.500564,,False,True,True,3,280
1718466532649,21.72,,25.05817,3.500555,Pallet,False,True,True,3,280
1718466532731,21.8,,26.02931,3.502012,Pallet,False,True,True,3,290
1718466532790,21.86349,,26.74931,3.500936,,False,True,True,3,300
1718466532814,21.88,,26.98931,3.500797,Pallet,False,True,True,3,300
1718466532895,21.96,,27.94641,3.500609,Pallet,False,True,True,3,310
1718466532991,22.06,,29.08567,3.500659,Pallet,False,True,True,3,320
1718466532991,22.06351,,29.08567,3.500659,,False,True,True,3,330
1718466533070,22.14,,30.04567,3.50171,Pallet,False,True,True,3,330
1718466533174,22.24662,Up,30.50143,3.501714,,False,True,True,3,340
1718466533191,22.26347,,30.50014,3.741714,,False,True,True,3,340
1718466533209,22.28,,30.49911,3.981714,Pallet,False,True,True,3,340
1718466533288,22.36,,30.50075,4.931298,Pallet,False,True,True,3,350
1718466533393,22.46,,30.50195,6.040309,Pallet,False,True,True,3,360
1718466533394,22.46592,,30.50195,6.040309,,False,True,True,3,370
1718466533430,22.50165,Left,30.49944,6.520308,,False,True,True,3,370
1718466533473,22.54,,30.01945,6.520308,Pallet,False,True,True,3,370
1718466533552,22.62,,29.06033,6.500006,Pallet,False,True,True,3,380
1718466533592,22.66379,,28.65437,6.500941,,False,True,True,3,390
1718466533650,22.72,,27.93437,6.500661,Pallet,False,True,True,3,390
1718466533733,22.8,,26.9629,6.501761,Pallet,False,True,True,3,400
1718466533796,22.86791,,26.2429,6.500875,,False,True,True,3,410
1718466533813,22.88,,26.0029,6.500762,Pallet,False,True,True,3,410
1718466533891,22.96,,25.04311,6.500591,Pallet,False,True,True,3,420
1718466533971,23.04,,24.12457,6.500717,Pallet,False,True,True,3,430
1718466533988,23.06011,,23.88457,6.500661,,False,True,True,3,440
1718466534073,23.14,,22.92457,6.500578,Pallet,False,True,True,3,440
1718466534149,23.22,,21.96457,6.500563,Pallet,False,True,True,3,450
1718466534188,23.26076,,21.48458,6.50056,,False,True,True,3,460
1718466534234,23.3,,21.00458,6.500561,Pallet,False,True,True,3,460
1718466534289,23.36,,20.28509,6.500582,Light,False,True,True,3,470
1718466534290,23.36,,20.28509,6.500582,Pallet,False,True,True,3,470
1718466534389,23.46,,19.13003,6.500719,Pallet,False,True,True,3,520
1718466534389,23.46145,,19.13003,6.500719,,False,True,True,3,530
1718466534491,23.56,,17.93003,6.500578,Pallet,False,True,True,3,530
1718466534528,23.6,,17.45003,6.500566,Speed,False,True,True,3,540
1718466534528,23.6,,17.45003,6.500566,Pallet,False,True,True,3,540
1718466534590,23.66351,,16.73003,6.500561,,False,True,True,3,590
1718466534653,23.72,,16.01003,6.500561,Pallet,False,True,True,3,590
1718466534693,23.76495,Right,15.53259,6.500677,,False,True,True,3,600
1718466534792,23.86416,,16.73329,6.500566,,False,True,True,3,600
1718466534993,24.06529,,19.01415,6.501706,,False,True,True,3,600
1718466535155,24.22741,Left,20.95512,6.500496,,False,True,True,3,600
1718466535194,24.26591,,20.47512,6.500534,,False,True,True,3,600
1718466535388,24.46108,,18.10322,6.5007,,False,True,True,3,600
1718466535521,24.59412,Right,16.72815,6.499265,,False,True,True,3,600
1718466535590,24.66327,,17.66437,6.501296,,False,True,True,3,600
1718466535749,24.82122,Left,19.52116,6.500148,,False,True,True,3,600
1718466535793,24.8652,,19.04116,6.500391,,False,True,True,3,600
1718466535953,25.02558,Right,17.15938,6.500661,,False,True,True,3,600
1718466535992,25.06371,,17.63938,6.500597,,False,True,True,3,600
1718466536193,25.26488,,20.03938,6.500553,,False,True,True,3,600
1718466536392,25.46526,,22.40209,6.500927,,False,True,True,3,600
1718466536590,25.66296,,24.80209,6.500557,,False,True,True,3,600
1718466536788,25.86121,,27.16927,6.501116,,False,True,True,3,600
1718466536916,25.98877,Down,28.60927,6.500592,,False,True,True,3,600
1718466536993,26.06564,,29.56927,6.50056,,False,True,True,3,600
1718466537187,26.26016,,30.50083,5.070878,,False,True,True,3,600
1718466537300,26.37282,Up,30.50202,3.960203,,False,True,True,3,600
1718466537393,26.46607,,30.50092,5.124253,,False,True,True,3,600
1718466537536,26.60903,Left,30.49787,6.804252,,False,True,True,3,600
1718466537551,26.62,,30.4973,7.044251,Pallet,False,True,True,3,600
1718466537591,26.66299,,30.49922,7.524251,,False,True,True,3,610
1718466537631,26.7,,30.50001,8.004251,Pallet,False,True,True,3,610
1718466537707,26.78,,30.50048,8.964261,Pallet,False,True,True,3,620
1718466537792,26.86,,30.07732,9.539053,Pallet,False,True,True,3,630
1718466537793,26.86526,,30.07732,9.539053,,False,True,True,3,640
1718466537869,26.94,,29.12692,9.498487,Pallet,False,True,True,3,640
1718466537969,27.04,,27.92692,9.500338,Pallet,False,True,True,3,650
1718466537991,27.06335,Down,27.68692,9.500417,,False,True,True,3,660
1718466537992,27.06335,,27.68692,9.500417,,False,True,True,3,660
1718466538052,27.12,,26.96692,9.500522,Pallet,False,True,True,3,660
1718466538131,27.2,,26.00693,9.500552,Pallet,False,True,True,3,670
1718466538192,27.2639,,25.28808,9.50059,,False,True,True,3,680
1718466538208,27.28,,25.04808,9.50058,Pallet,False,True,True,3,680
1718466538313,27.38,,23.89843,9.500664,Pallet,False,True,True,3,690
1718466538394,27.46,,22.93843,9.500577,Pallet,False,True,True,3,700
1718466538395,27.46658,,22.93843,9.500577,,False,True,True,3,710
1718466538469,27.54,,21.972,9.502141,Pallet,False,True,True,3,710
1718466538550,27.62,,21.012,9.500824,Pallet,False,True,True,3,720
1718466538591,27.66289,,20.53563,9.50071,,False,True,True,3,730
1718466538628,27.7,,20.05563,9.500621,Pallet,False,True,True,3,730
1718466538710,27.78,,19.11956,9.506685,Pallet,False,True,True,3,740
1718466538792,27.86461,,18.23745,9.498491,,False,True,True,3,750
1718466538812,27.88,,17.99745,9.499236,Pallet,False,True,True,3,750
1718466538888,27.96,,17.03744,9.500403,Pallet,False,True,True,3,760
1718466538967,28.04,,16.10952,9.500703,Pallet,False,True,True,3,770
1718466538992,28.0653,,15.86952,9.500652,,False,True,True,3,780
1718466539072,28.14,,14.90952,9.500575,Pallet,False,True,True,3,780
1718466539152,28.22,,13.94952,9.500562,Pallet,False,True,True,3,790
1718466539192,28.26,,13.46952,9.500559,Speed,False,True,True,3,800
1718466539193,28.26,,13.46952,9.500559,Pallet,False,True,True,3,800
1718466539193,28.2648,,13.46952,9.500559,,False,True,True,3,850
1718466539312,28.38,,12.02952,9.500537,Pallet,False,True,True,3,850
1718466539372,28.44,,11.3301,9.500752,Power,True,True,True,3,860
1718466539373,28.44,,11.3301,9.500752,Pallet,True,True,True,3,860
1718466539391,28.46336,,11.09011,9.500684,,True,True,True,3,910
1718466539491,28.56,,10.00819,9.499671,Pallet,True,True,True,3,910
1718466539571,28.64,,9.049917,9.500583,Pallet,True,True,True,3,920
1718466539591,28.66356,,8.863678,9.501186,,True,True,True,3,930
1718466539669,28.74,,7.903679,9.500666,Pallet,True,True,True,3,930
1718466539750,28.82,,6.94368,9.500578,Pallet,True,True,True,3,940
1718466539791,28.86305,,6.46368,9.500566,,True,True,True,3,950
1718466539833,28.9,,5.983681,9.500563,Pallet,True,True,True,3,950
1718466539911,28.98,,5.503681,9.018559,Pallet,True,True,True,3,960
1718466539993,29.06,,5.498955,8.069248,Pallet,True,True,True,3,970
1718466539994,29.06625,,5.498955,8.069248,,True,True,True,3,980
1718466540049,29.12,,5.500502,7.44133,Speed,True,True,True,3,980
1718466540049,29.12,,5.500502,7.44133,Pallet,True,True,True,3,980
1718466540192,29.26451,,5.481508,6.497089,,True,True,True,3,1030
1718466540391,29.46379,,5.481523,6.504157,,True,True,True,3,1030
1718466540589,29.66307,,5.481537,6.504916,,True,True,True,3,1030
1718466540791,29.86364,,5.481551,6.504997,,True,True,True,3,1030
1718466540802,29.87399,Up,5.481551,6.504997,,True,True,True,3,1030
1718466540994,30.06649,,5.500724,8.839777,,True,True,True,3,1030
1718466541189,30.2621,,5.500656,9.498554,,True,True,True,3,1030
1718466541389,30.46113,,5.500642,9.495376,,True,True,True,3,1030
1718466541582,30.65518,Right,5.500629,9.495045,,True,True,True,3,1030
1718466541591,30.66327,,5.740629,9.495033,,True,True,True,3,1030
1718466541792,30.86406,,8.038573,9.501996,,True,True,True,3,1030
1718466541993,31.06607,,10.39982,9.500932,,True,True,True,3,1030
1718466542122,31.19486,Left,11.83982,9.50058,,True,True,True,3,1030
1718466542188,31.26055,,10.87982,9.500563,,True,True,True,3,1030
1718466542388,31.46055,,8.479826,9.500559,,True,False,True,3,1030
1718466542593,31.6651,,6.115757,9.50071,,True,False,True,3,1030
1718466542694,31.76,,4.915758,9.497314,Pallet,True,False,True,3,1030
1718466542732,31.8,,4.435759,9.499229,Power,True,False,True,3,1040
1718466542732,31.8,,4.435759,9.499229,Pallet,True,False,True,3,1040
1718466542791,31.86365,,3.715759,9.50021,,True,False,True,3,1090
1718466542849,31.92,,2.995759,9.500468,Pallet,True,False,True,3,1090
1718466542928,32,,2.035748,9.500528,Pallet,True,False,True,3,1100
1718466542989,32.06063,,1.345202,9.500779,,True,False,True,3,1110
1718466543016,32.08,,1.105202,9.5007,Pallet,True,False,True,3,1110
1718466543109,32.18,,-0.09479842,9.500575,Pallet,True,False,True,3,1120
1718466543191,32.26,,-1.054798,9.500562,Pallet,True,False,True,3,1130
1718466543192,32.26329,,-1.054798,9.500562,,True,False,True,3,1140
1718466543267,32.34,,-2.014798,9.50056,Pallet,True,False,True,3,1140
1718466543352,32.42,,-2.974798,9.50056,Pallet,True,False,True,3,1150
1718466543391,32.46394,,-3.439567,9.500829,,True,False,True,3,1160
1718466543428,32.5,,-3.919567,9.500669,Pallet,True,False,True,3,1160
1718466543533,32.6,,-5.023976,9.501436,Pallet,True,False,True,3,1170
1718466543591,32.66378,,-5.743976,9.500789,,True,False,True,3,1180
1718466543611,32.68,,-5.983975,9.500707,Pallet,True,False,True,3,1180
1718466543694,32.76,,-6.937616,9.500637,Pallet,True,False,True,3,1190
1718466543791,32.86,,-8.059452,9.500666,Pallet,True,False,True,3,1200
1718466543792,32.86408,,-8.059452,9.500666,,True,False,True,3,1210
1718466543867,32.94,,-9.034167,9.502145,Pallet,True,False,True,3,1210
1718466543948,33.02,,-9.994166,9.500826,Pallet,True,False,True,3,1220
1718466543992,33.06537,,-10.47334,9.500672,,True,False,True,3,1230
1718466544030,33.1,,-10.95334,9.500606,Pallet,True,False,True,3,1230
1718466544113,33.18,,-11.86559,9.50072,Pallet,True,False,True,3,1240
1718466544194,33.26723,,-12.82559,9.500586,,True,False,True,3,1250
1718466544212,33.28,,-13.06559,9.500577,Pallet,True,False,True,3,1250
1718466544290,33.36,,-14.02559,9.503196,Pallet,True,False,True,3,1260
1718466544368,33.44,,-14.98559,9.501001,Pallet,True,False,True,3,1270
1718466544394,33.46601,,-15.22041,9.500847,,True,False,True,3,1280
1718466544452,33.52,,-15.94041,9.500635,Pallet,True,False,True,3,1280
1718466544554,33.62,,-17.06786,9.500667,Pallet,True,False,True,3,1290
1718466544592,33.66451,,-17.55794,9.505388,,True,False,True,3,1300
1718466544628,33.7,,-18.03794,9.501825,Pallet,True,False,True,3,1300
1718466544713,33.78,,-18.99794,9.500772,Pallet,True,False,True,3,1310
1718466544791,33.86,,-19.95783,9.500588,Pallet,True,False,True,3,1320
1718466544791,33.86334,,-19.95783,9.500588,,True,False,True,3,1330
1718466544867,33.94,,-20.87796,9.500714,Pallet,True,False,True,3,1330
1718466544969,34.04,,-22.07796,9.500577,Pallet,True,False,True,3,1340
1718466544993,34.06629,,-22.31796,9.50057,,True,False,True,3,1350
1718466545049,34.12,,-23.03796,9.500563,Pallet,True,False,True,3,1350
1718466545128,34.2,,-23.99796,9.50056,Pallet,True,False,True,3,1360
1718466545194,34.26638,,-24.71785,9.500569,,True,False,True,3,1370
1718466545211,34.28,,-24.95785,9.500566,Pallet,True,False,True,3,1370
1718466545291,34.36,,-25.87803,9.500714,Pallet,True,False,True,3,1380
1718466545388,34.46,,-27.07803,9.500577,Pallet,True,False,True,3,1390
1718466545389,34.46081,,-27.07803,9.500577,,True,False,True,3,1400
1718466545451,34.52419,Down,-27.79803,9.500564,,True,False,True,3,1400
1718466545470,34.54,,-28.03803,9.500563,Pallet,True,False,True,3,1400
1718466545549,34.62,,-28.99803,9.50056,Pallet,True,False,True,3,1410
1718466545594,34.66655,,-29.47793,9.500574,,True,False,True,3,1420
1718466545629,34.7,,-29.95793,9.500566,Pallet,True,False,True,3,1420
1718466545708,34.78,,-30.54339,9.083312,Pallet,True,False,True,3,1430
1718466545791,34.86,,-30.49832,8.134521,Pallet,True,False,True,3,1440
1718466545792,34.86418,,-30.49832,8.134521,,True,False,True,3,1450
1718466545889,34.96,,-30.49939,6.934522,Pallet,True,False,True,3,1450
1718466545972,35.04,,-30.4968,5.974523,Pallet,True,False,True,3,1460
1718466545990,35.06167,,-30.49775,5.734523,,True,False,True,3,1470
1718466546049,35.12,,-30.499,5.014524,Pallet,True,False,True,3,1470
1718466546131,35.2,,-30.49937,4.059778,Pallet,True,False,True,3,1480
1718466546190,35.26233,,-30.49304,3.367139,,True,False,True,3,1490
1718466546214,35.28,,-30.49304,3.127139,Pallet,True,False,True,3,1490
1718466546312,35.38,,-30.50005,2.01966,Pallet,True,False,True,3,1500
1718466546391,35.46,,-30.49937,1.069105,Pallet,True,False,True,3,1510
1718466546392,35.46371,,-30.49937,1.069105,,True,False,True,3,1520
1718466546490,35.56,,-30.49785,-0.04077533,Pallet,True,False,True,3,1520
1718466546569,35.64,,-30.49918,-1.000775,Pallet,True,False,True,3,1530
1718466546593,35.66546,,-30.49935,-1.240779,,True,False,True,3,1540
1718466546652,35.72,,-30.49942,-1.960779,Pallet,True,False,True,3,1540
1718466546730,35.8,,-30.4993,-2.88584,Pallet,True,False,True,3,1550
1718466546794,35.8666,,-30.49778,-3.60584,,True,False,True,3,1560
1718466546835,35.9,,-30.49678,-4.08584,Pallet,True,False,True,3,1560
1718466546910,35.98,,-30.499,-5.045839,Pallet,True,False,True,3,1570
1718466546995,36.06,,-30.49937,-6.005838,Power,True,False,True,3,1580
1718466546995,36.06,,-30.49937,-6.005838,Pallet,True,False,True,3,1580
1718466546997,36.06,,-30.49937,-6.005838,Pallet,True,False,True,3,1630
1718466546998,36.06773,,-30.49937,-6.005838,,True,False,True,3,1640
1718466547072,36.14,,-30.49702,-6.965849,Pallet,True,False,True,3,1640
1718466547155,36.22,,-30.49855,-7.891826,Pallet,True,False,True,3,1650
1718466547189,36.2611,,-30.49908,-8.371826,,True,False,True,3,1660
1718466547253,36.32,,-30.49935,-9.091825,Pallet,True,False,True,3,1660
1718466547332,36.4,,-30.49678,-10.05182,Pallet,True,False,True,3,1670
1718466547389,36.4612,,-30.49875,-10.77182,,True,False,True,3,1680
1718466547411,36.48,,-30.499,-11.01182,Pallet,True,False,True,3,1680
1718466547492,36.56,,-30.49937,-11.97182,Pallet,True,False,True,3,1690
1718466547569,36.64,,-30.49532,-12.92532,Pallet,True,False,True,3,1700
1718466547594,36.66611,,-30.50619,-13.12322,,True,False,True,3,1710
1718466547672,36.74,,-30.5002,-14.08322,Pallet,True,False,True,3,1710
1718466547749,36.82,,-30.49957,-15.04322,Pallet,True,False,True,3,1720
1718466547789,36.86186,,-30.49792,-15.52322,,True,False,True,3,1730
1718466547967,37.04013,Right,-30.49515,-15.49654,,True,False,True,3,1730
1718466547990,37.0634,,-30.25515,-15.49623,,True,False,True,3,1730
1718466548112,37.18,,-29.06237,-15.50056,Pallet,True,False,False,3,1730
1718466548188,37.26015,,-28.47367,-15.49824,,True,False,False,3,1740
1718466548250,37.32,,-27.99367,-15.49913,Pallet,True,False,False,3,1740
1718466548297,37.3691,Left,-27.66755,-15.49996,,True,False,False,3,1750
1718466548390,37.46181,,-28.4649,-15.49924,,True,False,False,3,1750
1718466548503,37.57597,Right,-29.22364,-15.49165,,True,False,False,3,1750
1718466548592,37.66448,,-28.45692,-15.49896,,True,False,False,3,1750
1718466548769,37.84,,-27.00123,-15.49981,Pallet,True,False,False,3,1750
1718466548792,37.86481,,-26.84126,-15.49958,,True,False,False,3,1760
1718466548890,37.96,,-26.04126,-15.49946,Pallet,True,False,False,3,1760
1718466548991,38.06377,,-25.26692,-15.49938,,True,False,False,3,1770
1718466549008,38.08,,-25.10692,-15.49941,Pallet,True,False,False,3,1770
1718466549153,38.22,,-23.98247,-15.49902,Pallet,True,False,False,3,1780
1718466549193,38.26571,,-23.66065,-15.50135,,True,False,False,3,1790
1718466549288,38.36,,-22.97757,-15.49954,Pallet,True,False,False,3,1990
1718466549389,38.46112,,-22.17757,-15.49648,,True,False,False,3,2000
1718466549413,38.48,,-22.01757,-15.49619,Pallet,True,False,False,3,2000
1718466549531,38.6,,-21.11922,-15.49931,Pallet,True,False,False,3,2410
1718466549592,38.66425,,-20.63922,-15.49941,,True,False,False,3,2420
1718466549667,38.74,,-19.99922,-15.49944,Pallet,True,False,False,3,2420
1718466549788,38.86,,-19.0391,-15.49946,Pallet,True,False,False,3,2430
1718466549789,38.86086,,-19.0391,-15.49946,,True,False,False,3,2440
1718466549911,38.98,,-18.10238,-15.49941,Pallet,True,False,False,3,2440
1718466549984,39.05669,Left,-17.66506,-15.50068,,True,False,False,3,2450
1718466549992,39.06572,,-17.82506,-15.50023,,True,False,False,3,2450
1718466550188,39.26003,,-19.37935,-15.49672,,True,False,False,3,2450
1718466550391,39.46382,,-20.99281,-15.4997,,True,False,False,3,2450
1718466550401,39.47427,Right,-20.99281,-15.4997,,True,False,False,3,2450
1718466550590,39.66262,,-19.40965,-15.49913,,True,False,False,3,2450
1718466550791,39.86348,,-17.99512,-15.49918,,True,False,False,3,2450
1718466550912,39.98,,-17.02626,-15.49951,Pallet,True,False,False,3,2450
1718466550992,40.06495,,-16.39734,-15.49937,,True,False,False,3,2460
1718466551030,40.1,,-16.07734,-15.49942,Pallet,True,False,False,3,2460
1718466551173,40.24,,-15.02291,-15.4996,Pallet,True,False,False,3,2470
1718466551190,40.26237,,-14.87146,-15.4992,,True,False,False,3,2480
1718466551294,40.36,,-14.07146,-15.49942,Pallet,True,False,False,3,2480
1718466551388,40.46077,,-13.32678,-15.49889,,True,False,False,3,2490
1718466551432,40.5,,-13.00678,-15.49922,Pallet,True,False,False,3,2490
1718466551550,40.62,,-12.04753,-15.49943,Pallet,True,False,False,3,2500
1718466551588,40.66084,,-11.76054,-15.4992,,True,False,False,3,2510
1718466551668,40.74,,-11.12054,-15.4994,Pallet,True,False,False,3,2510
1718466551790,40.86255,,-10.15236,-15.49987,,True,False,False,3,2520
1718466551813,40.88,,-9.992358,-15.49972,Pallet,True,False,False,3,2520
1718466551933,41,,-9.030211,-15.49958,Pallet,True,False,False,3,2530
1718466551990,41.06285,,-8.564652,-15.49932,,True,False,False,3,2540
1718466552049,41.12,,-8.084653,-15.49941,Pallet,True,False,False,3,2540
1718466552195,41.26,,-7.053256,-15.49943,Pallet,True,False,False,3,2550
1718466552195,41.26715,,-7.053256,-15.49943,,True,False,False,3,2560
1718466552307,41.38,,-6.103664,-15.49876,Pallet,True,False,False,3,2560
1718466552392,41.46429,,-5.508206,-15.50005,,True,False,False,3,2570
1718466552450,41.52,,-5.028206,-15.4996,Pallet,True,False,False,3,2570
1718466552533,41.6,,-4.400897,-15.49937,Power,True,False,False,3,2580
1718466552534,41.6,,-4.400897,-15.49937,Pallet,True,False,False,3,2580
1718466552590,41.66312,,-3.997843,-15.49919,,True,False,False,3,2630
1718466552707,41.78,,-3.036072,-15.49947,Pallet,True,False,False,3,2630
1718466552789,41.86146,,-2.40499,-15.49726,,True,False,False,3,2640
1718466552827,41.9,,-2.08499,-15.49855,Pallet,True,False,False,3,2640
1718466552973,42.04,,-1.054947,-15.49943,Pallet,True,False,False,3,2650
1718466552989,42.06178,,-0.9372978,-15.49906,,True,False,False,3,2660
1718466553087,42.16,,-0.1066435,-15.49885,Pallet,True,False,False,3,2660
1718466553187,42.2601,,0.6933565,-15.49938,,True,False,False,3,2670
1718466553232,42.3,,1.013356,-15.49942,Pallet,True,False,False,3,2670
1718466553351,42.42,,1.973363,-15.49946,Pallet,True,False,False,3,2680
1718466553388,42.46091,,2.281976,-15.49926,,True,False,False,3,2690
1718466553467,42.54,,2.921976,-15.49942,Pallet,True,False,False,3,2690
1718466553594,42.66663,,3.814795,-15.49965,,True,False,False,3,2700
1718466553612,42.68,,3.974795,-15.49958,Pallet,True,False,False,3,2700
1718466553734,42.8,,4.924541,-15.49942,Pallet,True,False,False,3,2710
1718466553790,42.86383,,5.342882,-15.50106,,True,False,False,3,2720
1718466553867,42.94,,5.982881,-15.49972,Pallet,True,False,False,3,2720
1718466553992,43.06,,6.937991,-15.49943,Pallet,True,False,False,3,2730
1718466553993,43.06541,,6.937991,-15.49943,,True,False,False,3,2740
1718466554129,43.2,,8.014233,-15.49907,Pallet,True,False,False,3,2740
1718466554188,43.26074,,8.505982,-15.50044,,True,False,False,3,2750
1718466554254,43.32,,8.985982,-15.49971,Pallet,True,False,False,3,2750
1718466554367,43.44,,9.942652,-15.49943,Pallet,True,False,False,3,2760
1718466554390,43.46283,,10.05717,-15.49907,,True,False,False,3,2770
1718466554509,43.58,,11.02112,-15.49913,Pallet,True,False,False,3,2770
1718466554593,43.66657,,11.67479,-15.50019,,True,False,False,3,2780
1718466554634,43.7,,11.99479,-15.49975,Pallet,True,False,False,3,2780
1718466554752,43.82,,12.9238,-15.49946,Pallet,True,False,False,3,3390
1718466554789,43.8623,,13.17667,-15.49858,,True,False,False,3,3400
1718466554892,43.96,,13.97667,-15.49935,Pallet,True,False,False,3,3400
1718466554992,44.06429,,14.76781,-15.4994,,True,False,False,3,3410
1718466555007,44.08,,14.92781,-15.49942,Pallet,True,False,False,3,3410
1718466555153,44.22,,15.99119,-15.49943,Pallet,True,False,False,3,3420
1718466555192,44.26369,,16.30995,-15.4994,,True,False,False,3,3430
1718466555272,44.34,,16.94995,-15.49944,Pallet,True,False,False,3,3430
1718466555369,44.44135,Up,17.73682,-15.49528,,True,False,False,3,3440
1718466555391,44.46,,17.89682,-15.49522,Pallet,True,False,False,3,3440
1718466555392,44.46336,,17.89682,-15.49522,,True,False,False,3,3450
1718466555529,44.6,,18.97174,-15.49955,Pallet,True,False,False,3,3450
1718466555590,44.66282,,19.43901,-15.49932,,True,False,False,3,3460
1718466555651,44.72,,19.91901,-15.49942,Pallet,True,False,False,3,3460
1718466555789,44.86,,20.96355,-15.49946,Pallet,True,False,False,3,3470
1718466555790,44.86147,,20.96355,-15.49946,,True,False,False,3,3480
1718466555808,44.88095,Left,21.10308,-15.4991,,True,False,False,3,3480
1718466555992,45.06448,,19.8035,-15.49648,,True,False,False,3,3480
1718466556096,45.16829,Up,19.00351,-15.49912,,True,False,False,3,3480
1718466556189,45.26086,,18.20371,-15.49941,,True,False,False,3,3480
1718466556329,45.4,,17.4976,-15.047,Pallet,True,False,False,3,3480
1718466556387,45.46029,,17.49784,-14.61575,,True,False,False,3,3490
1718466556475,45.54,,17.49918,-13.97575,Pallet,True,False,False,3,3490
1718466556573,45.64569,Left,17.50102,-13.16104,,True,False,False,3,3500
1718466556590,45.66,,17.50086,-13.00104,Pallet,True,False,False,3,3500
1718466556591,45.66306,,17.50086,-13.00104,,True,False,False,3,3510
1718466556709,45.78,,17.02075,-12.52104,Pallet,True,False,False,3,3510
1718466556788,45.86,,16.38159,-12.50002,Power,True,False,False,3,3520
1718466556788,45.86,,16.38159,-12.50002,Pallet,True,False,False,3,3520
1718466556789,45.86066,,16.38159,-12.50002,,True,False,False,3,3570
1718466556931,46.00357,Right,15.3118,-12.49856,,True,False,False,3,3570
1718466556987,46.06048,,15.7918,-12.49921,,True,False,False,3,3570
1718466557194,46.26637,,17.37562,-12.50138,,True,False,False,3,3570
1718466557271,46.34,,18.01562,-12.50352,Pallet,True,False,False,3,3570
1718466557391,46.46,,18.97562,-12.49973,Pallet,True,False,False,3,3580
1718466557392,46.46399,,18.97562,-12.49973,,True,False,False,3,3590
1718466557512,46.58,,19.92599,-12.49942,Pallet,True,False,False,3,3590
1718466557591,46.66414,,20.50677,-12.50032,,True,False,False,3,3600
1718466557650,46.72,,20.98676,-12.49968,Pallet,True,False,False,3,3600
1718466557772,46.84,,21.94378,-12.49943,Pallet,True,False,False,3,3610
1718466557788,46.86084,,22.05978,-12.49906,,True,False,False,3,3620
1718466557910,46.98,,23.02245,-12.49911,Pallet,True,False,False,3,3620
1718466557992,47.0648,,23.67613,-12.50025,,True,False,False,3,3630
1718466558032,47.1,,23.99613,-12.49978,Pallet,True,False,False,3,3630
1718466558151,47.22,,24.95588,-12.49946,Pallet,True,False,False,3,3640
1718466558193,47.26618,,25.24694,-12.4992,,True,False,False,3,3650
1718466558269,47.34,,25.88694,-12.49941,Pallet,True,False,False,3,3650
1718466558391,47.46386,,26.85349,-12.49888,,True,False,False,3,3660
1718466558408,47.48,,27.01349,-12.49908,Pallet,True,False,False,3,3660
1718466558534,47.6,,27.9761,-12.49967,Pallet,True,False,False,3,3670
1718466558593,47.66535,,28.44682,-12.49934,,True,False,False,3,3680
1718466558652,47.72,,28.92682,-12.49942,Pallet,True,False,False,3,3680
1718466558789,47.86,,29.98874,-12.49972,Pallet,True,False,False,3,3690
1718466558790,47.86261,,29.98874,-12.49972,,True,False,False,3,3700
1718466558937,48.00965,Up,30.51295,-12.49962,,True,False,False,3,3700
1718466558988,48.06,,30.50088,-12.01962,Pallet,True,False,False,3,3700
1718466558989,48.06023,,30.50088,-12.01962,,True,False,False,3,3710
1718466559069,48.14,,30.50063,-11.38767,Power,True,False,False,3,3710
1718466559069,48.14,,30.50063,-11.38767,Pallet,True,False,False,3,3710
1718466559191,48.26274,,30.50191,-10.47757,,True,False,False,3,3760
1718466559249,48.32,,30.50091,-9.997566,Pallet,True,False,False,3,3760
1718466559331,48.4,,30.49735,-9.354954,Speed,True,False,True,3,3770
1718466559331,48.4,,30.49735,-9.354954,Pallet,True,False,True,3,3770
1718466559393,48.46488,,30.51062,-8.705475,,True,False,True,3,3820
1718466559451,48.52,,30.50156,-7.985476,Pallet,True,False,True,3,3820
1718466559529,48.6,,30.50073,-7.025476,Pallet,True,False,True,3,3830
1718466559590,48.66268,,30.49608,-6.310883,,True,False,True,3,3840
1718466559614,48.68,,30.49586,-6.070883,Pallet,True,False,True,3,3840
1718466559630,48.70361,Down,30.49884,-5.926264,,True,False,True,3,3850
1718466559791,48.86412,,30.49888,-7.781812,,True,False,True,3,3850
1718466559978,49.05124,Up,30.49621,-9.939017,,True,False,True,3,3850
1718466559994,49.06636,,30.49597,-9.699018,,True,False,True,3,3850
1718466560191,49.26345,,30.50067,-7.30788,,True,False,True,3,3850
1718466560201,49.27378,Left,30.50067,-7.30788,,True,False,True,3,3850
1718466560310,49.38,,30.0985,-6.511905,Pallet,True,False,True,3,3850
1718466560389,49.46149,,29.14817,-6.497315,,True,False,True,3,3860
1718466560412,49.48,,28.90817,-6.498079,Pallet,True,False,True,3,3860
1718466560488,49.56,,27.94817,-6.499211,Pallet,True,False,True,3,3870
1718466560573,49.64,,26.98817,-6.499401,Pallet,True,False,True,3,3880
1718466560589,49.6615,,26.74817,-6.499416,,True,False,True,3,3890
1718466560652,49.72,,26.02818,-6.499434,Pallet,True,False,True,3,3890
1718466560732,49.8,,25.08701,-6.499319,Pallet,True,False,True,3,3900
1718466560793,49.86554,,24.47779,-6.501464,,True,False,True,3,3910
1718466560818,49.89039,Down,24.23779,-6.500735,,True,False,True,3,3910
1718466560832,49.9,,23.99779,-6.500268,Pallet,True,False,True,3,3910
1718466560910,49.98,,23.0337,-6.499656,Pallet,True,False,True,3,3920
1718466560994,50.06,,22.45839,-6.923296,Pallet,True,False,True,3,3930
1718466560995,50.06611,,22.45839,-6.923296,,True,False,True,3,3940
1718466561068,50.14,,22.50128,-7.873517,Pallet,True,False,True,3,3940
1718466561172,50.24,,22.50056,-9.073516,Pallet,True,False,True,3,3950
1718466561172,50.24,,22.50056,-9.073516,Light,True,True,True,3,3960
1718466561173,50.24,,22.50056,-9.073516,Pallet,True,True,True,3,3960
1718466561189,50.26121,,22.50056,-9.313516,,True,True,True,3,4010
1718466561389,50.46153,,22.50058,-9.497052,,True,True,True,3,4010
1718466561589,50.66156,,22.5006,-9.495214,,True,True,True,3,4010
1718466561785,50.85731,Left,22.50061,-9.495023,,True,True,True,3,4010
1718466561794,50.86591,,22.26061,-9.495016,,True,True,True,3,4010
1718466561809,50.88,,22.02061,-9.49501,Pallet,True,True,True,3,4010
1718466561894,50.96,,21.07097,-9.500549,Pallet,True,True,True,3,4020
1718466561991,51.06,,19.96657,-9.499459,Pallet,True,True,True,3,4030
1718466561991,51.06395,,19.96657,-9.499459,,True,True,True,3,4040
1718466562069,51.14,,18.97913,-9.500672,Pallet,True,True,True,3,4040
1718466562154,51.22,,18.01704,-9.498822,Pallet,True,True,True,3,4050
1718466562195,51.26687,,17.54421,-9.499223,,True,True,True,3,4060
1718466562232,51.3,,17.06421,-9.499351,Pallet,True,True,True,3,4060
1718466562293,51.36,,16.42608,-9.499187,Power,True,True,True,3,4070
1718466562294,51.36,,16.42608,-9.499187,Pallet,True,True,True,3,4070
1718466562367,51.44,,15.44918,-9.496249,Speed,True,True,True,3,4120
1718466562369,51.44,,15.44918,-9.496249,Pallet,True,True,True,3,4120
1718466562393,51.46556,,15.20918,-9.497397,,True,True,True,3,4170
1718466562488,51.56,,14.00918,-9.499221,Pallet,True,True,True,3,4170
1718466562573,51.64,,13.05134,-9.499393,Pallet,True,True,True,3,4180
1718466562590,51.66305,,12.86779,-9.49881,,True,True,True,3,4190
1718466562671,51.74,,11.90779,-9.499333,Pallet,True,True,True,3,4190
1718466562749,51.82,,10.94779,-9.499422,Pallet,True,True,True,3,4200
1718466562791,51.86396,,10.46779,-9.499434,,True,True,True,3,4210
1718466562827,51.9,,9.987788,-9.499437,Pallet,True,True,True,3,4210
1718466562909,51.98,,9.026958,-9.498999,Pallet,True,True,True,3,4220
1718466562987,52.06,,8.084282,-9.499316,Pallet,True,True,True,3,4230
1718466562987,52.06007,,8.084282,-9.499316,,True,True,True,3,4240
1718466563048,52.12,,7.467709,-9.496824,Light,True,True,True,3,4240
1718466563048,52.12,,7.467709,-9.496824,Pallet,True,True,True,3,4240
1718466563173,52.24,,6.008406,-9.500257,Pallet,True,True,True,3,4290
1718466563190,52.26232,,5.770224,-9.499339,,True,True,True,3,4300
1718466563251,52.32,,5.050225,-9.499413,Pallet,True,True,True,3,4300
1718466563310,52.38,,4.384562,-9.499184,Speed,True,True,True,3,4310
1718466563311,52.38,,4.384562,-9.499184,Pallet,True,True,True,3,4310
1718466563389,52.46138,,3.424563,-9.499397,,True,True,True,3,4360
1718466563430,52.5,,2.944563,-9.499422,Pallet,True,True,True,3,4360
1718466563512,52.58,,1.984563,-9.499437,Pallet,True,True,True,3,4370
1718466563589,52.66,,1.024372,-9.498757,Pallet,True,True,True,3,4380
1718466563590,52.66185,,1.024372,-9.498757,,True,True,True,3,4390
1718466563672,52.74,,0.0786605,-9.499322,Pallet,True,True,True,3,4390
1718466563771,52.84,,-1.028332,-9.498277,Pallet,True,True,True,3,4400
1718466563795,52.86668,,-1.268332,-9.498697,,True,True,True,3,4410
1718466563852,52.92,,-1.988332,-9.499246,Pallet,True,True,True,3,4410
1718466563932,53,,-2.944898,-9.499381,Pallet,True,True,True,3,4420
1718466563992,53.06501,,-3.601215,-9.499181,,True,True,True,3,4430
1718466564032,53.1,,-4.081215,-9.499333,Pallet,True,True,True,3,4430
1718466564110,53.18,,-5.041214,-9.497968,Pallet,True,True,True,3,4440
1718466564152,53.22,,-5.521214,-9.498838,Power,True,True,True,3,4450
1718466564153,53.22,,-5.521214,-9.498838,Pallet,True,True,True,3,4450
1718466564193,53.26551,,-6.001213,-9.499193,,True,True,True,3,4500
1718466564271,53.34,,-6.961217,-9.49942,Pallet,True,True,True,3,4500
1718466564353,53.42,,-7.886989,-9.499292,Pallet,True,True,True,3,4510
1718466564391,53.46334,,-8.366988,-9.500478,,True,True,True,3,4520
1718466564447,53.52,,-9.086987,-9.502687,Pallet,True,True,True,3,4520
1718466564531,53.6,,-10.04699,-9.499985,Pallet,True,True,True,3,4530
1718466564594,53.66691,,-10.76699,-9.499583,,True,True,True,3,4540
1718466564610,53.68,,-11.00699,-9.499532,Pallet,True,True,True,3,4540
1718466564671,53.74,,-11.72699,-9.499512,Light,True,True,True,3,4550
1718466564671,53.74,,-11.72699,-9.499512,Pallet,True,True,True,3,4550
1718466564769,53.84,,-12.90161,-9.499307,Pallet,True,True,True,3,4600
1718466564788,53.86044,,-13.07545,-9.507254,,True,True,True,3,4610
1718466564873,53.94,,-14.03545,-9.501608,Pallet,True,True,True,3,4610
1718466564952,54.02,,-14.99545,-9.499804,Pallet,True,True,True,3,4620
1718466564989,54.0608,,-15.47495,-9.499501,,True,True,True,3,4630
1718466565031,54.1,,-15.95495,-9.499466,Pallet,True,True,True,3,4630
1718466565113,54.18,,-16.87006,-9.499283,Pallet,True,True,True,3,4640
1718466565192,54.26453,,-17.83006,-9.499414,,True,True,True,3,4650
1718466565208,54.28,,-18.07006,-9.499423,Pallet,True,True,True,3,4650
1718466565248,54.32,,-18.55006,-9.499434,Light,True,True,True,3,4660
1718466565249,54.32,,-18.55006,-9.499434,Pallet,True,True,True,3,4660
1718466565368,54.44,,-19.99006,-9.49944,Pallet,True,True,True,3,4710
1718466565393,54.46568,,-20.22754,-9.499259,,True,True,True,3,4720
1718466565426,54.5,,-20.70754,-9.499367,Light,True,True,True,3,4720
1718466565428,54.5,,-20.70754,-9.499367,Pallet,True,True,True,3,4720
1718466565547,54.62,,-22.08897,-9.499333,Pallet,True,True,True,3,4770
1718466565588,54.66051,,-22.56897,-9.499397,,True,True,True,3,4780
1718466565631,54.7,,-23.04897,-9.499422,Pallet,True,True,True,3,4780
1718466565708,54.78,,-24.00897,-9.499437,Pallet,True,True,True,3,4790
1718466565793,54.86,,-24.96981,-9.500016,Pallet,True,True,True,3,4800
1718466565794,54.86531,,-24.96981,-9.500016,,True,True,True,3,4810
1718466565874,54.94,,-25.90834,-9.499323,Pallet,True,True,True,3,4810
1718466565969,55.04,,-26.98495,-9.499985,Pallet,True,True,True,3,4820
1718466565993,55.06544,,-27.21933,-9.499206,,True,True,True,3,4830
1718466566053,55.12,,-27.93933,-9.499379,Pallet,True,True,True,3,4830
1718466566151,55.22,,-29.0646,-9.499334,Pallet,True,True,True,3,4840
1718466566192,55.26416,,-29.55667,-9.494972,,True,True,True,3,4850
1718466566231,55.30319,Up,-30.03667,-9.498269,,True,True,True,3,4850
1718466566389,55.46212,,-30.50084,-8.068685,,True,True,True,3,4850
1718466566542,55.61502,Right,-30.50174,-6.455908,,True,True,True,3,4850
1718466566593,55.66503,,-29.78341,-6.491001,,True,True,True,3,4850
1718466566631,55.7,,-29.30341,-6.497966,Speed,True,True,True,3,4850
1718466566632,55.7,,-29.30341,-6.497966,Pallet,True,True,True,3,4850
1718466566749,55.82,,-27.94367,-6.499334,Pallet,True,True,True,3,4900
1718466566788,55.86049,,-27.44763,-6.495949,,True,True,True,3,4910
1718466566831,55.9,,-26.96763,-6.498015,Pallet,True,True,True,3,4910
1718466566912,55.98,,-26.00763,-6.499207,Pallet,True,True,True,3,4920
1718466566992,56.06,,-25.04903,-6.499398,Pallet,True,True,True,3,4930
1718466566993,56.06496,,-25.04903,-6.499398,,True,True,True,3,4940
1718466567047,56.12046,Left,-24.38113,-6.499189,,True,True,True,3,4940
1718466567195,56.26767,,-26.06113,-6.499428,,True,True,True,3,4940
1718466567370,56.44247,Up,-28.2124,-6.49911,,True,True,True,3,4940
1718466567391,56.46346,,-28.4524,-6.499229,,True,True,True,3,4940
1718466567594,56.6663,,-30.50966,-6.258379,,True,True,True,3,4940
1718466567723,56.7959,Right,-30.49956,-4.920322,,True,True,True,3,4940
1718466567792,56.86458,,-30.49946,-3.960323,,True,True,True,3,4940
1718466567871,56.94,,-30.02165,-3.456088,Pallet,True,True,True,3,4940
1718466567952,57.02,,-29.06331,-3.498506,Pallet,True,True,True,3,4950
1718466567988,57.06061,,-28.66337,-3.499013,,True,True,True,3,4960
1718466568048,57.12,,-27.94337,-3.499334,Pallet,True,True,True,3,4960
1718466568130,57.2,,-26.96745,-3.498,Pallet,True,True,True,3,4970
1718466568192,57.26551,,-26.24745,-3.499068,,True,True,True,3,4980
1718466568209,57.28,,-26.00745,-3.499205,Pallet,True,True,True,3,4980
1718466568294,57.36,,-25.04878,-3.499398,Pallet,True,True,True,3,4990
1718466568389,57.46,,-23.90042,-3.499343,Pallet,True,True,True,3,5000
1718466568390,57.46201,,-23.90042,-3.499343,,True,True,True,3,5010
1718466568470,57.54,,-22.94042,-3.49943,Pallet,True,True,True,3,5010
1718466568549,57.62,,-21.97275,-3.497955,Pallet,True,True,True,3,5020
1718466568594,57.66593,,-21.49275,-3.498835,,True,True,True,3,5030
1718466568633,57.7,,-21.01275,-3.499197,Pallet,True,True,True,3,5030
1718466568712,57.78,,-20.05683,-3.499382,Pallet,True,True,True,3,5040
1718466568790,57.86256,,-19.1639,-3.499279,,True,True,True,3,5050
1718466568811,57.88,,-18.9239,-3.499341,Pallet,True,True,True,3,5050
1718466568887,57.96,,-17.9598,-3.49796,Pallet,True,True,True,3,5060
1718466568972,58.04,,-16.9998,-3.499198,Pallet,True,True,True,3,5070
1718466568990,58.06229,,-16.7598,-3.499347,,True,True,True,3,5080
1718466569052,58.12,,-16.0398,-3.499422,Pallet,True,True,True,3,5080
1718466569131,58.2,,-15.11569,-3.499295,Pallet,True,True,True,3,5090
1718466569191,58.26426,,-14.39569,-3.501389,,True,True,True,3,5100
1718466569232,58.3,,-13.91569,-3.502695,Pallet,True,True,True,3,5100
1718466569309,58.38,,-12.9557,-3.499993,Pallet,True,True,True,3,5110
1718466569349,58.42,,-12.4757,-3.49967,Light,True,True,True,3,5120
1718466569349,58.42,,-12.4757,-3.49967,Pallet,True,True,True,3,5120
1718466569393,58.4656,,-11.9957,-3.499539,,True,True,True,3,5170
1718466569470,58.54,,-11.03569,-3.499479,Pallet,True,True,True,3,5170
1718466569556,58.62,,-10.10505,-3.499305,Pallet,True,True,True,3,5180
1718466569588,58.66026,,-9.625047,-3.499389,,True,True,True,3,5190
1718466569653,58.72,,-8.905047,-3.499433,Pallet,True,True,True,3,5190
1718466569729,58.8,,-7.945048,-3.499445,Pallet,True,True,True,3,5200
1718466569795,58.86736,,-7.225049,-3.499446,,True,True,True,3,5210
1718466569814,58.88,,-6.985049,-3.499447,Pallet,True,True,True,3,5210
1718466569854,58.92656,Up,-6.50505,-3.499446,,True,True,True,3,5220
1718466569890,58.96,,-6.02505,-3.499448,Pallet,True,True,True,3,5220
1718466569990,59.06324,,-4.88649,-3.492238,,True,True,True,3,5230
1718466570194,59.26631,,-4.498653,-1.655336,,True,True,True,3,5230
1718466570392,59.46516,,-4.499431,0.7446644,,True,True,True,3,5230
1718466570590,59.66328,,-4.499334,3.063098,,True,True,True,3,5230
1718466570756,59.82842,Left,-4.499342,3.498299,,True,True,True,3,5230
1718466570791,59.86,,-4.979342,3.49711,Pallet,True,True,True,3,5230
1718466570792,59.86373,,-4.979342,3.49711,,True,True,True,3,5240
1718466570867,59.94,,-5.928939,3.50062,Pallet,True,True,True,3,5240
1718466570971,60.04,,-7.039687,3.502008,Pallet,True,True,True,3,5250
1718466570993,60.06622,,-7.279687,3.501486,,True,True,True,3,5260
1718466571050,60.12,,-7.999686,3.500803,Pallet,True,True,True,3,5260
1718466571129,60.2,,-8.959682,3.500587,Pallet,True,True,True,3,5270
1718466571193,60.26555,,-9.666681,3.505425,,True,True,True,3,5280
1718466571210,60.28,,-9.906681,3.505427,Pallet,True,True,True,3,5280
1718466571270,60.34266,Up,-10.56473,3.498738,,True,True,True,3,5290
1718466571311,60.38,,-11.04473,3.499815,Pallet,True,True,True,3,5290
1718466571387,60.46,,-12.00473,3.500435,Pallet,True,True,True,3,5300
1718466571389,60.4609,,-12.00473,3.500435,,True,True,True,3,5310
1718466571470,60.54,,-12.96474,3.500523,Pallet,True,True,True,3,5310
1718466571555,60.62,,-13.89602,3.5007,Pallet,True,True,True,3,5320
1718466571589,60.66206,,-14.37602,3.500617,,True,True,True,3,5330
1718466571651,60.72,,-15.09601,3.500576,Pallet,True,True,True,3,5330
1718466571703,60.77486,Right,-15.57601,3.500566,,True,True,True,3,5340
1718466571790,60.86283,,-14.52047,3.501162,,True,True,True,3,5340
1718466571994,61.06678,,-12.15748,3.500579,,True,True,True,3,5340
1718466572136,61.20863,Up,-10.47748,3.500555,,True,True,True,3,5340
1718466572194,61.26625,,-9.757473,3.501076,,False,True,True,3,5340
1718466572252,61.32,,-9.517473,3.981862,Pallet,False,True,True,3,5340
1718466572333,61.4,,-9.498978,4.941117,Pallet,False,True,True,3,5350
1718466572389,61.46147,,-9.499172,5.589973,,False,True,True,3,5360
1718466572429,61.5,,-9.49933,6.069973,Pallet,False,True,True,3,5360
1718466572459,61.53205,Right,-9.49933,6.309972,,False,True,True,3,5370
1718466572513,61.58,,-9.01933,6.509403,Pallet,False,True,True,3,5370
1718466572590,61.66,,-8.070992,6.501098,Pallet,False,True,True,3,5380
1718466572591,61.66208,,-8.070992,6.501098,,False,True,True,3,5390
1718466572691,61.76,,-6.961478,6.501997,Pallet,False,True,True,3,5390
1718466572728,61.8,,-6.481479,6.501145,Light,False,True,True,3,5400
1718466572728,61.8,,-6.481479,6.501145,Pallet,False,True,True,3,5400
1718466572794,61.86669,,-5.761537,6.50067,,False,True,True,3,5450
1718466572851,61.92,,-5.041538,6.500583,Pallet,False,True,True,3,5450
1718466572929,62,,-4.120323,6.500708,Pallet,False,True,True,3,5460
1718466572988,62.06051,,-3.400323,6.500594,,False,True,True,3,5470
1718466573032,62.1,,-2.920323,6.500568,Pallet,False,True,True,3,5470
1718466573110,62.18,,-1.960323,6.500555,Pallet,False,True,True,3,5480
1718466573193,62.26,,-1.000323,6.500553,Pallet,False,True,True,3,5490
1718466573194,62.26571,,-1.000323,6.500553,,False,True,True,3,5500
1718466573271,62.34,,-0.04032631,6.500554,Pallet,False,True,True,3,5500
1718466573349,62.42,,0.8829185,6.500705,Pallet,False,True,True,3,5510
1718466573394,62.46629,,1.362918,6.500615,,False,True,True,3,5520
1718466573450,62.52,,2.082918,6.500568,Pallet,False,True,True,3,5520
1718466573530,62.6,,3.042918,6.500555,Pallet,False,True,True,3,5530
1718466573589,62.66104,,3.762918,6.500554,,False,True,True,3,5540
1718466573611,62.68,,4.002918,6.500553,Pallet,False,True,True,3,5540
1718466573680,62.75356,Up,4.722927,6.500531,,False,True,True,3,5550
1718466573790,62.86277,,5.481132,7.153327,,False,True,True,3,5550
1718466573991,63.06358,,5.500327,9.553325,,False,True,True,3,5550
1718466574113,63.18545,Left,5.500318,9.499002,,False,True,True,3,5550
1718466574188,63.26038,,4.550394,9.500721,,False,True,True,3,5550
1718466574330,63.40299,Right,2.959864,9.50206,,False,True,True,3,5550
1718466574391,63.46366,,3.643354,9.501537,,False,True,True,3,5550
1718466574592,63.66409,,6.043353,9.497294,,False,True,True,3,5550
1718466574787,63.86014,,7.803362,9.500523,,False,True,False,3,5550
1718466574994,64.0663,,9.260518,9.512785,,False,True,False,3,5550
1718466575194,64.2665,,10.82107,9.500053,,False,True,False,3,5550
1718466575393,64.46607,,12.36889,9.503321,,False,True,False,3,5550
1718466575491,64.56406,Up,13.17733,9.499402,,False,True,False,3,5550
1718466575593,64.66512,,13.97733,9.500429,,False,True,False,3,5550
1718466575789,64.86274,,15.51432,9.501474,,False,True,False,3,5550
1718466575990,65.0631,,17.08238,9.500936,,False,True,False,3,5550
1718466576189,65.26183,,18.69005,9.501324,,False,True,False,3,5550
1718466576325,65.39862,Up,19.49269,9.661471,,False,True,False,3,5550
1718466576393,65.46537,,19.50052,10.2943,,False,True,False,3,5550
1718466576591,65.66399,,19.50123,11.84681,,False,True,False,3,5550
1718466576608,65.68,,19.50099,12.00681,Light,False,True,False,3,5550
1718466576608,65.68,,19.50099,12.00681,Pallet,False,True,False,3,5550
1718466576609,65.68,,19.50099,12.00681,Pallet,False,True,False,3,5600
1718466576790,65.86224,,19.49929,12.49336,,False,True,False,3,5610
1718466576939,66.01144,Right,19.49929,12.49336,,False,True,False,3,5610
1718466576992,66.06486,,19.97929,12.49336,,False,True,False,3,5610
1718466577111,66.18,,20.93041,12.50049,Pallet,False,True,False,3,5610
1718466577191,66.26381,,21.5178,12.50165,,False,True,False,3,5620
1718466577250,66.32,,21.9978,12.50084,Pallet,False,True,False,3,5620
1718466577266,66.33932,Left,21.9978,12.50084,,False,True,False,3,5630
1718466577390,66.46214,,20.89971,12.5019,,False,True,False,3,5630
1718466577593,66.66545,,19.33922,12.49289,,False,True,False,3,5630
1718466577628,66.7,,19.01922,12.49289,Pallet,False,True,False,3,5630
1718466577749,66.82,,18.06531,12.50027,Pallet,False,True,False,3,5640
1718466577790,66.86224,,17.79201,12.50471,,False,True,False,3,5650
1718466577888,66.96,,16.99201,12.50101,Pallet,False,True,False,3,5650
1718466577987,67.06008,,16.18425,12.50039,,False,True,False,3,5660
1718466578012,67.08,,16.02425,12.50045,Pallet,False,True,False,3,5660
1718466578130,67.2,,15.07378,12.50059,Pallet,False,True,False,3,5670
1718466578192,67.26488,,14.6527,12.49911,,False,True,False,3,5680
1718466578271,67.34,,14.0127,12.50032,Pallet,False,True,False,3,5680
1718466578389,67.46,,13.05546,12.50057,Pallet,False,True,False,3,5690
1718466578391,67.46214,,13.05546,12.50057,,False,True,False,3,5700
1718466578531,67.6,,11.97673,12.50091,Pallet,False,True,False,3,5700
1718466578588,67.66037,,11.48311,12.49923,,False,True,False,3,5710
1718466578654,67.72,,11.00311,12.50021,Pallet,False,True,False,3,5710
1718466578771,67.84,,10.04328,12.50055,Pallet,False,True,False,3,5720
1718466578793,67.866,,9.911242,12.50093,,False,True,False,3,5730
1718466578893,67.96,,9.111242,12.5006,Pallet,False,True,False,3,5730
1718466578991,68.06362,,8.305245,12.5015,,False,True,False,3,5740
1718466579031,68.1,,7.985246,12.50094,Pallet,False,True,False,3,5740
1718466579152,68.22,,7.02311,12.50031,Pallet,False,True,False,3,5750
1718466579189,68.26133,,6.711802,12.50071,,False,True,False,3,5760
1718466579270,68.34,,6.071803,12.50059,Pallet,False,True,False,3,5760
1718466596659,68.46242,,5.167733,12.50096,,False,True,False,3,5770
1718466596677,68.48,,5.007733,12.50082,Pallet,False,True,False,3,5770
1718466596796,68.6,,4.048698,12.50058,Pallet,False,True,False,3,5780
1718466596861,68.6644,,3.603139,12.50071,,False,True,False,3,5790
1718466596922,68.72,,3.123139,12.5006,Pallet,False,True,False,3,5790
1718466597056,68.86,,1.993901,12.50011,Pallet,False,True,False,3,5800
1718466597058,68.86021,,1.993901,12.50011,,False,True,False,3,5810
1718466597182,68.98,,1.032193,12.50044,Pallet,False,True,False,3,5810
1718466597258,69.06135,,0.408458,12.50064,,False,True,False,3,5820
1718466597298,69.1,,0.08845797,12.50059,Pallet,False,True,False,3,5820
1718466597403,69.2,,-0.6068512,12.5006,Speed,False,True,True,3,5830
1718466597403,69.2,,-0.6068512,12.5006,Pallet,False,True,True,3,5830
1718466597460,69.26395,,-1.326851,12.51305,,False,True,True,3,5880
1718466597522,69.32,,-2.046851,12.50207,Pallet,False,True,True,3,5880
1718466597600,69.4,,-3.006851,12.50081,Pallet,False,True,True,3,5890
1718466597675,69.47885,,-3.726861,12.50055,,False,True,True,3,5900
1718466597687,69.48,,-3.966861,12.50055,Pallet,False,True,True,3,5900
1718466597756,69.56,,-4.901283,12.5007,Pallet,False,True,True,3,5910
1718466597859,69.66,,-6.034912,12.49904,Pallet,False,True,True,3,5920
1718466597860,69.66318,,-6.034912,12.49904,,False,True,True,3,5930
1718466597899,69.7,,-6.514911,12.49993,Power,True,True,True,3,5930
1718466597899,69.7,,-6.514911,12.49993,Pallet,True,True,True,3,5930
1718466597951,69.75504,Right,-6.994911,12.5003,,True,True,True,3,5980
1718466598062,69.86537,,-5.58312,12.50185,,True,True,True,3,5980
1718466598262,70.0659,,-3.248089,12.50003,,True,True,True,3,5980
1718466598412,70.21568,Left,-1.623278,12.50096,,True,True,True,3,5980
1718466598459,70.2626,,-2.343278,12.50066,,True,True,True,3,5980
1718466598659,70.46264,,-4.743278,12.50056,,True,True,True,3,5980
1718466598857,70.66106,,-7.055689,12.50066,,True,True,True,3,5980
1718466598941,70.74,,-8.031969,12.50196,Pallet,True,True,True,3,5980
1718466599023,70.82,,-8.991968,12.50079,Pallet,True,True,True,3,5990
1718466599067,70.87121,,-9.470427,12.50068,,True,True,True,3,6000
1718466599100,70.9,,-9.950426,12.50061,Pallet,True,True,True,3,6000
1718466599197,71,,-11.09731,12.50067,Pallet,True,True,True,3,6010
1718466599260,71.06405,,-11.8173,12.50059,,True,True,True,3,6020
1718466599278,71.08,,-12.0573,12.50058,Pallet,True,True,True,3,6020
1718466599351,71.15469,Down,-12.78629,12.50273,,True,True,True,3,6030
1718466599360,71.16,,-13.02629,12.50195,Pallet,True,True,True,3,6030
1718466599437,71.24,,-13.50629,12.01944,Pallet,True,True,True,3,6040
1718466599464,71.26834,,-13.50498,11.79118,,True,True,True,3,6050
1718466599545,71.32,,-13.50172,11.07118,Pallet,True,True,True,3,6050
1718466599659,71.46321,,-13.51581,9.467484,,True,True,True,3,6060
1718466599860,71.66433,,-13.5158,9.503356,,True,True,True,3,6060
1718466600053,71.85764,Right,-13.51579,9.504786,,True,True,True,3,6060
1718466600063,71.86745,,-13.27579,9.504829,,True,True,True,3,6060
1718466600263,72.06635,,-10.91288,9.500317,,True,True,True,3,6060
1718466600458,72.26241,,-8.512868,9.500465,,True,True,True,3,6060
1718466600657,72.46037,,-6.203829,9.497614,,True,True,True,3,6060
1718466605483,72.66471,,-3.847549,9.501158,,True,True,True,3,6060
1718466605680,72.86127,,-1.447549,9.500561,,True,True,True,3,6060
1718466605886,73.06612,,0.9510868,9.500577,,True,True,True,3,6060
1718466606080,73.26133,,3.307099,9.512894,,True,True,True,3,6060
1718466606281,73.46233,,5.705659,9.496892,,True,True,True,3,6060
1718466606483,73.66439,,8.043488,9.501567,,True,True,True,3,6060
1718466606685,73.8662,,10.41288,9.500907,,True,False,True,3,6060
1718466606882,74.06316,,12.81288,9.500557,,True,False,True,3,6060
1718466607086,74.26716,,15.19534,9.501005,,True,False,True,3,6060
1718466607284,74.46451,,17.5087,9.498869,,True,False,True,3,6060
1718466607479,74.66047,,19.88242,9.506596,,True,False,True,3,6060
1718466607679,74.86068,,22.18281,9.501058,,True,False,True,3,6060
1718466607884,75.06554,,24.51798,9.499775,,True,False,True,3,6060
1718466608081,75.26208,,26.8781,9.500709,,True,False,True,3,6060
1718466608279,75.46008,,29.2781,9.500556,,True,False,True,3,6060
1718466608479,75.66012,,30.51032,9.500556,,True,False,True,3,6060
1718466608583,75.76394,Down,30.49821,9.500561,,True,False,True,3,6060
1718466608684,75.86588,,30.50064,8.31087,,True,False,True,3,6060
1718466608881,76.06145,,30.49786,6.000178,,True,False,True,3,6060
1718466609081,76.26185,,30.49951,3.63669,,True,False,True,3,6060
1718466609144,76.32,,30.4973,2.91669,Pallet,True,False,True,3,6060
1718466609220,76.4,,30.50001,1.95669,Pallet,True,False,True,3,6070
1718466609285,76.46645,,30.50041,1.23669,,True,False,True,3,6080
1718466609304,76.48,,30.50046,0.99669,Pallet,True,False,True,3,6080
1718466609379,76.56,,30.50053,0.03667994,Pallet,True,False,True,3,6090
1718466609460,76.64,,30.5007,-0.8924291,Pallet,True,False,True,3,6100
1718466609481,76.66254,,30.50064,-1.132429,,True,False,True,3,6110
1718466609563,76.74,,30.50057,-2.092429,Pallet,True,False,True,3,6110
1718466609639,76.82,,30.50055,-3.052429,Pallet,True,False,True,3,6120
1718466609690,76.87162,,30.49855,-3.532429,,True,False,True,3,6130
1718466609726,76.9,,30.49726,-4.012429,Pallet,True,False,True,3,6130
1718466609880,77.06196,,30.50066,-5.914351,,True,False,True,3,6140
1718466610086,77.26686,,30.49997,-8.021938,,True,False,False,3,6140
1718466610285,77.46569,,30.49675,-9.620127,,True,False,False,3,6140
1718466610484,77.66447,,30.49883,-11.18101,,True,False,False,3,6140
1718466610680,77.86076,,30.49636,-12.77902,,False,False,False,3,6140
1718466610699,77.88,,30.49609,-12.93902,Pallet,False,False,False,3,6140
1718466610806,77.98751,Left,30.50167,-13.68878,,False,False,False,3,6150
1718466610839,78.02,,30.50101,-14.00877,Pallet,False,False,False,3,6150
1718466610884,78.0652,,30.49983,-14.33676,,False,False,False,3,6160
1718466610964,78.14,,30.50043,-14.97676,Pallet,False,False,False,3,6160
1718466611086,78.25999,,30.04104,-15.51605,Pallet,False,False,False,3,6170
1718466611087,78.26678,,30.04104,-15.51605,,False,False,False,3,6180
1718466611205,78.38,,29.0829,-15.50014,Pallet,False,False,False,3,6180
1718466611284,78.46508,,28.52483,-15.49967,,False,False,False,3,6190
1718466611348,78.52,,28.04483,-15.4995,Pallet,False,False,False,3,6190
1718466611466,78.64,,27.09356,-15.49836,Pallet,False,False,False,3,6200
1718466611484,78.66567,,26.97424,-15.50371,,False,False,False,3,6210
1718466611603,78.78,,26.00713,-15.49984,Pallet,False,False,False,3,6210
1718466611686,78.86693,,25.36795,-15.49947,,False,False,False,3,6220
1718466611727,78.9,,25.04795,-15.49945,Pallet,False,False,False,3,6220
1718466611839,79.02,,24.12148,-15.4994,Pallet,False,False,False,3,6230
1718466611880,79.061,,23.79316,-15.50273,,False,False,False,3,6240
1718466612080,79.26153,,22.19121,-15.49963,,False,False,False,3,6240
1718466612166,79.34676,Right,21.56656,-15.49932,,False,False,False,3,6240
1718466612280,79.46067,,22.52875,-15.49944,,False,False,False,3,6240
1718466612452,79.63274,Up,23.81,-15.49966,,False,False,False,3,6240
1718466612484,79.66459,,24.11574,-15.49914,,False,False,False,3,6240
1718466612681,79.86247,,25.62865,-15.49941,,False,False,False,3,6240
1718466612886,80.06656,,27.17846,-15.50196,,False,False,False,3,6240
1718466613084,80.26497,,28.77087,-15.49941,,False,False,False,3,6240
1718466613285,80.46555,,30.31927,-15.49795,,False,False,False,3,6240
1718466613486,80.66747,,30.50023,-14.05802,,False,False,False,3,6240
1718466613681,80.86209,,30.49567,-12.49375,,False,False,False,3,6240
1718466613805,80.9863,Left,30.49956,-11.53695,,False,False,False,3,6240
1718466613885,81.06548,,30.50092,-10.94192,,False,False,False,3,6240
1718466614079,81.26001,,30.33422,-9.486931,,False,False,False,3,6240
1718466614122,81.3,,30.01422,-9.486931,Pallet,False,False,False,3,6240
1718466614241,81.42,,29.05461,-9.499535,Pallet,False,False,False,3,6250
1718466614287,81.46698,,28.77652,-9.499202,,False,False,False,3,6260
1718466614385,81.56,,27.97652,-9.499414,Pallet,False,False,False,3,6260
1718466614486,81.66724,,27.16311,-9.500013,,False,False,False,3,6270
1718466614505,81.68,,27.00311,-9.499806,Pallet,False,False,False,3,6270
1718466614624,81.8,,26.04328,-9.499454,Pallet,False,False,False,3,6280
1718466614681,81.86208,,25.59125,-9.49929,,False,False,False,3,6290
1718466614741,81.92,,25.11125,-9.499401,Pallet,False,False,False,3,6290
1718466614867,82.04784,Up,24.14525,-9.498841,,False,False,False,3,6300
1718466614886,82.06725,,23.98525,-9.499057,,False,False,False,3,6300
1718466615084,82.2655,,22.54601,-9.336499,,False,False,False,3,6300
1718466615239,82.42024,Left,22.49997,-8.082597,,False,False,False,3,6300
1718466615280,82.46131,,22.49999,-7.843431,,False,False,False,3,6300
1718466615479,82.66003,,22.18052,-6.563432,,False,False,False,3,6300
1718466615505,82.68,,22.04996,-6.492238,Pallet,False,False,False,3,6300
1718466615623,82.8,,21.09196,-6.500154,Pallet,False,False,False,3,6310
1718466615683,82.86401,,20.73266,-6.499301,,False,False,False,3,6320
1718466615768,82.93999,,20.09266,-6.499417,Pallet,False,False,False,3,6320
1718466615881,83.06182,,19.21158,-6.498248,,False,False,False,3,6330
1718466615900,83.08,,19.05158,-6.498677,Pallet,False,False,False,3,6330
1718466616022,83.2,,18.12963,-6.499395,Pallet,False,False,False,3,6340
1718466616085,83.26623,,17.6373,-6.501485,,False,False,False,3,6350
1718466616161,83.34,,16.9973,-6.499783,Pallet,False,False,False,3,6350
1718466616280,83.46,,16.03658,-6.499497,Pallet,False,False,False,3,6360
1718466616281,83.46147,,16.03658,-6.499497,,False,False,False,3,6370
1718466616403,83.58,,15.09719,-6.499403,Pallet,False,False,False,3,6370
1718466616486,83.66749,,14.57909,-6.495847,,False,False,False,3,6380
1718466616542,83.72,,14.09909,-6.498498,Pallet,False,False,False,3,6380
1718466616680,83.86,,13.01811,-6.49964,Pallet,False,False,False,3,6390
1718466616681,83.86152,,13.01811,-6.49964,,False,False,False,3,6400
1718466616752,83.93272,Up,12.54355,-6.499362,,False,False,False,3,6400
1718466616805,83.98,,12.06355,-6.49942,Pallet,False,False,False,3,6400
1718466616879,84.06048,,11.46856,-6.49817,,False,False,False,3,6410
1718466616945,84.12,,10.98856,-6.499107,Pallet,False,False,False,3,6410
1718466617062,84.24,,10.49836,-6.018783,Pallet,False,False,False,3,6420
1718466617081,84.26147,,10.49722,-5.866167,,False,False,False,3,6430
1718466617187,84.36,,10.49921,-5.066168,Pallet,False,False,False,3,6430
1718466617281,84.46188,,10.50145,-4.320659,,False,False,False,3,6440
1718466617322,84.5,,10.50093,-4.000659,Pallet,False,False,False,3,6440
1718466617335,84.51547,Down,10.50093,-4.000659,,False,False,False,3,6450
1718466617483,84.66419,,10.49884,-5.257086,,False,False,False,3,6450
1718466617652,84.83389,Left,10.49938,-6.537085,,False,False,False,3,6450
1718466617684,84.86518,,10.17938,-6.506025,,False,False,False,3,6450
1718466617701,84.88,,10.01938,-6.502052,Pallet,False,False,False,3,6450
1718466617823,85,,9.065591,-6.500566,Pallet,False,False,False,3,6460
1718466617886,85.06729,,8.639537,-6.49714,,False,False,False,3,6470
1718466617960,85.14,,7.999537,-6.499054,Pallet,False,False,False,3,6470
1718466618045,85.22,,7.359038,-6.499418,Speed,False,False,True,3,6480
1718466618046,85.22,,7.359038,-6.499418,Pallet,False,False,True,3,6480
1718466618081,85.26204,,6.879038,-6.49943,,False,False,True,3,6530
1718466618164,85.34,,5.919039,-6.499437,Pallet,False,False,True,3,6530
1718466618240,85.42,,4.95904,-6.499439,Pallet,False,False,True,3,6540
1718466618282,85.46288,,4.479041,-6.49944,,False,False,True,3,6550
1718466618324,85.5,,3.999041,-6.499439,Pallet,False,False,True,3,6550
1718466618401,85.58,,3.039037,-6.499445,Pallet,False,False,True,3,6560
1718466618484,85.66,,2.113676,-6.499291,Pallet,False,False,True,3,6570
1718466618485,85.66522,,2.113676,-6.499291,,False,False,True,3,6580
1718466618586,85.75999,,0.9136758,-6.499423,Pallet,False,False,True,3,6580
1718466618668,85.84,,-0.04632422,-6.499437,Pallet,False,False,True,3,6590
1718466618687,85.86908,,-0.2863242,-6.499439,,False,False,True,3,6600
1718466618740,85.92,,-1.006324,-6.499439,Pallet,False,False,True,3,6600
1718466618824,86,,-1.966335,-6.499472,Pallet,False,False,True,3,6610
1718466618882,86.06293,,-2.659993,-6.499228,,False,False,True,3,6620
1718466618901,86.08,,-2.899993,-6.499304,Pallet,False,False,True,3,6620
1718466619001,86.18,,-4.034208,-6.501709,Pallet,False,False,True,3,6630
1718466619080,86.25999,,-4.994207,-6.49982,Pallet,False,False,True,3,6640
1718466619081,86.26125,,-4.994207,-6.49982,,False,False,True,3,6650
1718466619167,86.34,,-5.953396,-6.499462,Pallet,False,False,True,3,6650
1718466619241,86.42,,-6.865737,-6.499279,Pallet,False,False,True,3,6660
1718466619287,86.46741,,-7.345737,-6.499374,,False,False,True,3,6670
1718466619339,86.52,,-8.065736,-6.499422,Pallet,False,False,True,3,6670
1718466619421,86.6,,-9.025735,-6.499437,Pallet,False,False,True,3,6680
1718466619481,86.66246,,-9.745734,-6.49944,,False,False,True,3,6690
1718466619501,86.68,,-9.985734,-6.499439,Pallet,False,False,True,3,6690
1718466619583,86.75999,,-10.94066,-6.499372,Pallet,False,False,True,3,6700
1718466619679,86.86,,-12.0686,-6.499333,Pallet,False,False,True,3,6710
1718466619680,86.86031,,-12.0686,-6.499333,,False,False,True,3,6720
1718466619763,86.93999,,-13.0382,-6.498153,Pallet,False,False,True,3,6720
1718466619843,87.02,,-13.9982,-6.499224,Pallet,False,False,True,3,6730
1718466619886,87.06714,,-14.47817,-6.497917,,False,False,True,3,6740
1718466619922,87.1,,-14.95817,-6.496862,Pallet,False,False,True,3,6740
1718466620004,87.18,,-15.86909,-6.498434,Pallet,False,False,True,3,6750
1718466620086,87.26736,,-16.82909,-6.499271,,False,False,True,3,6760
1718466620107,87.28,,-17.06909,-6.499331,Pallet,False,False,True,3,6760
1718466620180,87.36,,-18.02909,-6.499421,Pallet,False,False,True,3,6770
1718466620265,87.43999,,-18.98909,-6.499436,Pallet,False,False,True,3,6780
1718466620280,87.46066,,-19.22608,-6.499241,,False,False,True,3,6790
1718466620341,87.52,,-19.94608,-6.499388,Pallet,False,False,True,3,6790
1718466620440,87.62,,-21.08468,-6.499333,Pallet,False,False,True,3,6800
1718466620482,87.66306,,-21.56468,-6.497598,,False,False,True,3,6810
1718466620526,87.7,,-22.04468,-6.498685,Pallet,False,False,True,3,6810
1718466620604,87.78,,-23.00468,-6.499313,Pallet,False,False,True,3,6820
1718466620684,87.86528,,-23.96546,-6.499691,,False,False,True,3,6830
1718466620882,88.06266,,-26.27272,-6.500789,,False,False,True,3,6830
1718466621083,88.26457,,-28.62022,-6.499187,,False,False,True,3,6830
1718466621283,88.46395,,-30.50685,-6.499425,,False,False,True,3,6830
1718466621342,88.52357,Down,-30.49985,-6.499429,,False,False,True,3,6830
1718466621484,88.66515,,-30.49956,-8.073681,,False,False,True,3,6830
1718466621683,88.86416,,-30.49955,-10.50104,,False,False,True,3,6830
1718466621863,89.04382,Right,-30.49262,-12.61781,,False,False,True,3,6830
1718466621880,89.06118,,-30.25262,-12.61781,,False,False,True,3,6830
1718466621899,89.07999,,-30.09821,-12.48833,Pallet,False,False,True,3,6830
1718466622005,89.18,,-28.90781,-12.50192,Pallet,False,False,True,3,6840
1718466622079,89.25999,,-27.94781,-12.49986,Pallet,False,False,True,3,6850
1718466622080,89.26038,,-27.94781,-12.49986,,False,False,True,3,6860
1718466622163,89.34,,-26.98781,-12.49952,Pallet,False,False,True,3,6860
1718466622244,89.42,,-26.02781,-12.49946,Pallet,False,False,True,3,6870
1718466622283,89.46484,,-25.5662,-12.49915,,False,False,True,3,6880
1718466622321,89.5,,-25.0862,-12.49933,Pallet,False,False,True,3,6880
1718466622421,89.6,,-23.99462,-12.49865,Pallet,False,False,True,3,6890
1718466622485,89.66647,,-23.26512,-12.4998,,False,False,True,3,6900
1718466622504,89.68,,-23.02512,-12.49968,Pallet,False,False,True,3,6900
1718466622581,89.75999,,-22.07036,-12.50416,Pallet,False,False,True,3,6910
1718466622601,89.78198,Down,-21.92468,-12.50115,,False,False,True,3,6920
1718466622679,89.86,,-20.96468,-12.49973,Pallet,False,False,True,3,6920
1718466622680,89.86058,,-20.96468,-12.49973,,False,False,True,3,6930
1718466622759,89.93999,,-19.97792,-12.50081,Pallet,False,False,True,3,6930
1718466622844,90.02,,-19.01559,-12.49878,Pallet,False,False,True,3,6940
1718466622881,90.06221,,-18.54162,-12.49924,,False,False,True,3,6950
1718466622923,90.1,,-18.06162,-12.49936,Pallet,False,False,True,3,6950
1718466623021,90.2,,-16.93825,-12.49934,Pallet,False,False,True,3,6960
1718466623051,90.23228,Left,-16.68465,-12.48605,,False,False,True,3,6970
1718466623088,90.26849,,-17.12334,-12.51714,,False,False,True,3,6970
1718466623281,90.46227,,-19.52334,-12.49952,,False,False,True,3,6970
1718466623472,90.65307,Down,-21.6525,-12.49922,,False,False,True,3,6970
1718466623481,90.66191,,-21.8925,-12.4993,,False,False,True,3,6970
1718466623583,90.75999,,-22.4858,-12.89682,Pallet,False,False,True,3,6970
1718466623683,90.86,,-22.50193,-14.08612,Pallet,False,False,True,3,6980
1718466623684,90.86425,,-22.50193,-14.08612,,False,False,True,3,6990
1718466623871,91.05203,Up,-22.49986,-15.50152,,False,False,True,3,6990
1718466623882,91.06255,,-22.49986,-15.26152,,False,False,True,3,6990
1718466624080,91.26081,,-22.49784,-12.96715,,False,False,True,3,6990
1718466624164,91.34548,Right,-22.49784,-12.49769,,False,False,True,3,6990
1718466624286,91.46677,,-21.06778,-12.49925,,False,False,True,3,6990
1718466624481,91.66265,,-18.73189,-12.49646,,False,False,True,3,6990
1718466624685,91.86663,,-16.39982,-12.49918,,False,False,True,3,6990
1718466624726,91.9,,-15.91982,-12.49934,Pallet,False,False,True,3,6990
1718466624805,91.98,,-14.95922,-12.49786,Pallet,False,False,True,3,7000
1718466624880,92.06,,-13.99922,-12.49918,Pallet,False,False,True,3,7010
1718466624881,92.06143,,-13.99922,-12.49918,,False,False,True,3,7020
1718466624961,92.14,,-13.03922,-12.49942,Pallet,False,False,True,3,7020
1718466625043,92.22,,-12.11416,-12.4993,Pallet,False,False,True,3,7030
1718466625084,92.26488,,-11.63416,-12.49938,,False,False,True,3,7040
1718466625146,92.32,,-10.91416,-12.49943,Pallet,False,False,True,3,7040
1718466625221,92.4,,-9.954159,-12.49944,Pallet,False,False,True,3,7050
1718466625285,92.46539,,-9.234159,-12.49944,,False,False,True,3,7060
1718466625302,92.48,,-8.99416,-12.49945,Pallet,False,False,True,3,7060
1718466625384,92.56,,-8.034148,-12.49704,Pallet,False,False,True,3,7070
1718466625463,92.64,,-7.108167,-12.49855,Pallet,False,False,True,3,7080
1718466625483,92.6644,,-6.868167,-12.49887,,False,False,True,3,7090
1718466625561,92.74,,-5.908168,-12.49935,Pallet,False,False,True,3,7090
1718466625643,92.82,,-4.948169,-12.49943,Pallet,False,False,True,3,7100
1718466625685,92.86651,,-4.468169,-12.49944,,False,False,True,3,7110
1718466625720,92.9,,-3.988169,-12.49944,Pallet,False,False,True,3,7110
1718466625801,92.98,,-3.028169,-12.49945,Pallet,False,False,True,3,7120
1718466625885,93.06,,-2.087,-12.49932,Pallet,False,False,True,3,7130
1718466625886,93.06635,,-2.087,-12.49932,,False,False,True,3,7140
1718466625982,93.16,,-0.9977286,-12.50021,Pallet,False,False,True,3,7140
1718466626062,93.24,,-0.113533,-12.49966,Pallet,False,False,False,3,7150
1718466626081,93.26188,,0.04646701,-12.49958,,False,False,False,3,7160
1718466626202,93.38,,1.006467,-12.49946,Pallet,False,False,False,3,7160
1718466626285,93.46556,,1.646484,-12.49947,,False,False,False,3,7170
1718466626325,93.5,,1.966483,-12.49946,Pallet,False,False,False,3,7170
1718466626444,93.62,,2.908951,-12.49941,Pallet,False,False,False,3,7180
1718466626485,93.66639,,3.112499,-12.49923,,False,False,False,3,7190
1718466626584,93.75999,,3.912499,-12.49942,Pallet,False,False,False,3,7190
1718466626684,93.86565,,4.612191,-12.4994,,False,False,False,3,7200
1718466626721,93.9,,4.93219,-12.49943,Pallet,False,False,False,3,7200
1718466626839,94.02,,5.869719,-12.50016,Pallet,False,False,False,3,7210
1718466626882,94.06359,,6.20735,-12.50283,,False,False,False,3,7220
1718466626980,94.16,,7.007349,-12.49981,Pallet,False,False,False,3,7220
1718466627086,94.26694,,7.80879,-12.49965,,False,False,False,3,7230
1718466627103,94.28,,7.96879,-12.49958,Pallet,False,False,False,3,7230
1718466627220,94.4,,8.91344,-12.49941,Pallet,False,False,False,3,7240
1718466627279,94.46072,,9.297109,-12.49934,,False,False,False,3,7250
1718466627359,94.54,,9.937108,-12.49943,Pallet,False,False,False,3,7250
1718466627485,94.66,,10.88019,-12.50017,Pallet,False,False,False,3,7260
1718466627486,94.66628,,10.88019,-12.50017,,False,False,False,3,7270
1718466627621,94.8,,12.01402,-12.50001,Pallet,False,False,False,3,7270
1718466627682,94.86315,,12.49686,-12.50054,,False,False,False,3,7280
1718466627739,94.92,,12.97686,-12.49974,Pallet,False,False,False,3,7280
1718466627862,95.04,,13.92814,-12.49942,Pallet,False,False,False,3,7290
1718466627883,95.06341,,14.02321,-12.49913,,False,False,False,3,7300
1718466628082,95.26295,,15.63112,-12.49941,,False,False,False,3,7300
1718466628287,95.46708,,17.19978,-12.51069,,False,False,False,3,7300
1718466628484,95.66453,,18.79978,-12.50004,,False,False,False,3,7300
1718466628685,95.86606,,20.3788,-12.49676,,False,False,False,3,7300
1718466628886,96.06699,,21.98024,-12.49925,,False,False,False,3,7300
1718466629080,96.26064,,23.52608,-12.49787,,False,False,False,3,7300
1718466629280,96.46061,,25.11992,-12.49916,,False,False,False,3,7300
1718466629482,96.66249,,26.64719,-12.49957,,False,False,False,3,7300
1718466629662,96.84344,Up,27.98223,-12.49927,,False,False,False,3,7300
1718466629679,96.86024,,28.12019,-12.49925,,False,False,False,3,7300
1718466629881,97.06203,,29.65315,-12.4996,,False,False,False,3,7300
1718466630082,97.26327,,30.49802,-11.72651,,False,False,False,3,7300
1718466630285,97.46608,,30.50058,-10.2226,,False,False,False,3,7300
1718466630483,97.66367,,30.49839,-8.642634,,False,False,False,3,7300
1718466630685,97.86584,,30.50054,-7.042755,,False,False,False,3,7300
1718466630778,97.95927,Left,30.49589,-6.412591,,False,False,False,3,7300
1718466630883,98.06364,,29.61791,-6.498194,,False,False,False,3,7300
1718466631082,98.26335,,28.00634,-6.499764,,False,False,False,3,7300
1718466631159,98.34055,Right,27.36699,-6.499464,,False,False,False,3,7300
1718466631283,98.46423,,28.32721,-6.499483,,False,False,False,3,7300
1718466631339,98.51947,Up,28.64721,-6.499461,,False,False,False,3,7300
1718466631481,98.66271,,29.91038,-6.499411,,False,False,False,3,7300
1718466631680,98.86141,,30.50202,-5.426353,,False,False,False,3,7300
1718466631758,98.93901,Left,30.50094,-4.946353,,False,False,False,3,7300
1718466631880,99.06191,,30.49967,-3.826348,,False,False,False,3,7300
1718466631985,99.16,,30.01798,-3.506348,Pallet,False,False,False,3,7300
1718466632094,99.27377,,29.22476,-3.49942,,False,False,False,3,7310
1718466632109,99.28,,29.06476,-3.499427,Pallet,False,False,False,3,7310
1718466632242,99.42,,27.99125,-3.498974,Pallet,False,False,False,3,7320
1718466632285,99.46617,,27.66292,-3.500167,,False,False,False,3,7330
1718466632361,99.54,,27.02292,-3.499562,Pallet,False,False,False,3,7330
1718466632485,99.66,,26.07148,-3.499414,Pallet,False,False,False,3,7340
1718466632486,99.66695,,26.07148,-3.499414,,False,False,False,3,7350
1718466632626,99.8,,25.00684,-3.499215,Pallet,False,False,False,3,7350
1718466632681,99.86192,,24.52759,-3.499382,,False,False,False,3,7360
1718466632742,99.92,,24.04759,-3.499425,Pallet,False,False,False,3,7360
1718466632863,100.04,,23.12069,-3.4994,Pallet,False,False,False,3,7370
1718466632886,100.0664,,22.96069,-3.499414,,False,False,False,3,7380
1718466633083,100.265,,21.35036,-3.499766,,False,False,False,3,7380
1718466633124,100.3,,21.03036,-3.499573,Pallet,False,False,False,3,7380
1718466633242,100.42,,20.08494,-3.499408,Pallet,False,False,False,3,7390
1718466633284,100.4653,,19.85467,-3.4993,,False,False,False,3,7400
1718466633382,100.56,,19.05467,-3.499425,Pallet,False,False,False,3,7400
1718466633483,100.6638,,18.26614,-3.498487,,False,False,False,3,7410
1718466633501,100.68,,18.10614,-3.49883,Pallet,False,False,False,3,7410
1718466633642,100.82,,17.03411,-3.499678,Pallet,False,False,False,3,7420
1718466633683,100.8643,,16.73221,-3.499238,,False,False,False,3,7430
1718466633763,100.94,,16.09221,-3.499406,Pallet,False,False,False,3,7430
1718466633881,101.062,,15.25411,-3.499403,,False,False,False,3,7440
1718466633899,101.08,,15.09411,-3.499416,Pallet,False,False,False,3,7440
1718466634044,101.22,,14.0545,-3.498339,Pallet,False,False,False,3,7450
1718466634086,101.2664,,13.77629,-3.499156,,False,False,False,3,7460
1718466634180,101.36,,12.97629,-3.499409,Pallet,False,False,False,3,7460
1718466634279,101.4604,,12.16288,-3.50002,,False,False,False,3,7470
1718466634304,101.48,,12.00288,-3.499811,Pallet,False,False,False,3,7470
1718466634483,101.6638,,10.57298,-3.503889,,False,False,False,3,7480
1718466634544,101.72,,10.09298,-3.504434,Pallet,False,False,False,3,7480
1718466634680,101.86,,9.006732,-3.499143,Pallet,False,False,False,3,7490
1718466634681,101.8616,,9.006732,-3.499143,,False,False,False,3,7500
1718466634801,101.98,,8.047469,-3.499422,Pallet,False,False,False,3,7500
1718466634881,102.0623,,7.440408,-3.499342,,False,False,False,3,7510
1718466634922,102.1,,7.120408,-3.4994,Pallet,False,False,False,3,7510
1718466635061,102.24,,5.992244,-3.49965,Pallet,False,False,False,3,7520
1718466635082,102.2635,Up,5.830068,-3.500659,,False,False,False,3,7530
1718466635082,102.2635,,5.830068,-3.500659,,False,False,False,3,7530
1718466635285,102.4658,,4.555029,-3.175984,,False,False,False,3,7530
1718466635484,102.665,,4.500209,-1.691039,,False,False,False,3,7530
1718466635679,102.86,,4.501363,-0.1002425,,False,False,False,3,7530
1718466635881,103.0622,Left,4.500645,1.452516,,False,False,False,3,7530
1718466635882,103.0622,,4.500645,1.452516,,False,False,False,3,7530
1718466636080,103.2612,,4.500923,3.003214,,False,False,False,3,7530
1718466636280,103.4609,,3.380713,3.500927,,False,False,False,3,7530
1718466636484,103.6655,,1.821827,3.499261,,False,False,False,3,7530
1718466636681,103.8617,,0.2245277,3.496154,,False,False,False,3,7530
1718466636880,104.0612,,-1.363362,3.50304,,False,False,False,3,7530
1718466637084,104.2644,,-2.963374,3.500573,,False,False,False,3,7530
1718466637279,104.4606,,-4.505884,3.491342,,False,False,False,3,7530
1718466637482,104.6637,,-6.056874,3.500916,,False,False,False,3,7530
1718466637681,104.8618,Up,-7.674645,3.499821,,False,False,False,3,7530
1718466637681,104.8618,,-7.674645,3.499821,,False,False,False,3,7530
1718466637879,105.0603,,-9.263062,3.504339,,False,False,False,3,7530
1718466638080,105.2615,Left,-9.500937,4.862159,,False,False,False,3,7530
1718466638081,105.2615,,-9.500937,4.862159,,False,False,False,3,7530
1718466638283,105.4633,,-9.499273,6.476677,,False,False,False,3,7530
1718466638344,105.52,,-9.959166,6.529714,Pallet,False,False,False,3,7530
1718466638461,105.64,,-10.91684,6.500025,Pallet,False,False,False,3,7540
1718466638486,105.6668,,-10.99696,6.500755,,False,False,False,3,7550
1718466638604,105.78,,-11.95393,6.500571,Pallet,False,False,False,3,7550
1718466638686,105.8668,,-12.58542,6.503071,,False,False,False,3,7560
1718466638725,105.9,,-12.90542,6.501589,Pallet,False,False,False,3,7560
1718466638863,106.04,,-13.99095,6.500198,Pallet,False,False,False,3,7570
1718466638884,106.0642,,-14.14963,6.500482,,False,False,False,3,7580
1718466638982,106.16,,-14.94963,6.500551,Pallet,False,False,False,3,7580
1718466639081,106.2626,,-15.71312,6.500622,,False,False,False,3,7590
1718466639099,106.28,,-15.87312,6.5006,Pallet,False,False,False,3,7590
1718466639240,106.42,,-17.00438,6.500174,Pallet,False,False,False,3,7600
1718466639280,106.4612,,-17.32555,6.500051,,False,False,False,3,7610
1718466639362,106.54,,-17.96555,6.500475,Pallet,False,False,False,3,7610
1718466639485,106.66,,-18.9071,6.500595,Pallet,False,False,False,3,7620
1718466639486,106.6663,,-18.9071,6.500595,,False,False,False,3,7630
1718466639623,106.8,,-19.9111,6.5014,Pallet,False,False,False,3,7630
1718466639683,106.8643,,-20.2844,6.500675,,False,False,False,3,7640
1718466639761,106.94,,-20.92439,6.500579,Pallet,False,False,False,3,7640
1718466639884,107.0655,,-21.83757,6.500096,,False,False,False,3,7650
1718466639901,107.08,,-21.99757,6.500263,Pallet,False,False,False,3,7650
1718466640025,107.2,,-22.95747,6.500548,Pallet,False,False,False,3,7660
1718466640081,107.2626,,-23.41036,6.500709,,False,False,False,3,7670
1718466640140,107.32,,-23.89036,6.500598,Pallet,False,False,False,3,7670
1718466640283,107.46,,-25.01582,6.500961,Pallet,False,False,False,3,7680
1718466640285,107.4649,,-25.01582,6.500961,,False,False,False,3,7690
1718466640399,107.58,,-25.97771,6.500281,Pallet,False,False,False,3,7690
1718466640482,107.6637,,-26.6096,6.500618,,False,False,False,3,7700
1718466640523,107.7,,-26.9296,6.500584,Pallet,False,False,False,3,7700
1718466640659,107.84,,-27.99605,6.500821,Pallet,False,False,False,3,7710
1718466640684,107.8654,,-28.15578,6.500697,,False,False,False,3,7720
1718466640784,107.96,,-28.95578,6.500574,Pallet,False,False,False,3,7720
1718466640795,107.9755,Up,-28.95578,6.500574,,False,False,False,3,7730
1718466640886,108.0671,,-29.72673,6.500621,,False,False,False,3,7730
1718466641080,108.2605,,-30.5008,7.292693,,False,False,False,3,7730
1718466641283,108.4645,,-30.49894,8.837035,,False,False,False,3,7730
1718466641423,108.6,,-30.49617,9.956984,Pallet,False,False,False,3,7730
1718466641482,108.6638,,-30.49764,10.40249,,False,False,False,3,7740
1718466641544,108.72,,-30.49897,10.88249,Pallet,False,False,False,3,7740
1718466641571,108.7513,Right,-30.49914,11.04249,,False,False,False,3,7750
1718466641685,108.86,,-30.49912,12.00885,Pallet,False,False,False,3,7750
1718466641686,108.8671,,-30.49912,12.00885,,False,False,False,3,7760
1718466641800,108.98,,-30.01838,12.49087,Pallet,False,False,False,3,7760
1718466641886,109.0667,,-29.38545,12.50028,,False,False,False,3,7770
1718466641919,109.1,,-29.06545,12.50044,Pallet,False,False,False,3,7770
1718466642063,109.24,,-27.99267,12.50099,Pallet,False,False,False,3,7780
1718466642084,109.2646,,-27.82546,12.49964,,False,False,False,3,7790
1718466642180,109.36,,-27.02546,12.50045,Pallet,False,False,False,3,7790
1718466642285,109.4656,,-26.23592,12.5006,,False,False,False,3,7800
1718466642310,109.48,,-26.07592,12.50058,Pallet,False,False,False,3,7800
1718466642442,109.62,,-25.01846,12.50031,Pallet,False,False,False,3,7810
1718466642481,109.6624,,-24.70411,12.50068,,False,False,False,3,7820
1718466642560,109.74,,-24.06411,12.50058,Pallet,False,False,False,3,7820
1718466642683,109.8634,,-23.14962,12.50105,,False,False,False,3,7830
1718466642702,109.88,,-22.98962,12.50087,Pallet,False,False,False,3,7830
1718466642820,110,,-22.02011,12.5004,Pallet,False,False,False,3,7840
1718466642881,110.0616,,-21.54678,12.50064,,False,False,False,3,7850
1718466642944,110.12,,-21.06678,12.50058,Pallet,False,False,False,3,7850
1718466643081,110.26,,-19.99518,12.50094,Pallet,False,False,False,3,7860
1718466643082,110.2627,,-19.99518,12.50094,,False,False,False,3,7870
1718466643202,110.38,,-19.03018,12.50049,Pallet,False,False,False,3,7870
1718466643281,110.4621,,-18.40459,12.50064,,False,False,False,3,7880
1718466643322,110.5,,-18.08459,12.50059,Pallet,False,False,False,3,7880
1718466643460,110.64,,-17.05295,12.50057,Pallet,False,False,False,3,7890
1718466643482,110.6631,,-16.93274,12.50094,,False,False,False,3,7900
1718466643581,110.76,,-16.10317,12.50126,Pallet,False,False,False,3,7900
1718466643684,110.8656,,-15.34706,12.50014,,False,False,False,3,7910
1718466643719,110.9,,-15.02706,12.50038,Pallet,False,False,False,3,7910
1718466643880,111.0617,,-13.78476,12.48028,,False,False,False,3,7920
1718466644084,111.2654,,-12.19824,12.50099,,False,False,False,3,7920
1718466644282,111.4628,,-10.66111,12.49887,,False,False,False,3,7920
1718466644482,111.6628,,-9.068426,12.50058,,False,False,False,3,7920
1718466644685,111.8667,,-7.5179,12.50055,,False,False,False,3,7920
1718466644885,112.0659,,-5.984933,12.4963,,False,False,False,3,7920
1718466645083,112.264,,-4.385895,12.50061,,False,False,False,3,7920
1718466645285,112.4661,,-2.826531,12.49972,,False,False,False,3,7920
1718466645480,112.6618,,-1.237832,12.5006,,False,False,False,3,7920
1718466645679,112.8607,,0.2856991,12.50072,,False,False,False,3,7920
1718466645885,113.0663,,1.826017,12.50022,,False,False,False,3,7920
1718466646085,113.2657,,3.381187,12.50243,,False,False,False,3,7920
1718466646283,113.4637,,4.994862,12.50025,,False,False,False,3,7920
1718466646480,113.6619,,6.563771,12.50065,,False,False,False,3,7920
1718466646682,113.8622,,8.173601,12.49902,,False,False,False,3,7920
1718466646882,114.0628,,9.762404,12.5006,,False,False,False,3,7920
1718466647087,114.2673,,11.28709,12.50072,,False,False,False,3,7920
1718466647281,114.4621,,12.82934,12.50011,,False,False,False,3,7920
1718466647484,114.6654,,14.38836,12.50187,,False,False,False,3,7920
1718466647682,114.8636,,16.00124,12.50025,,False,False,False,3,7920
1718466647881,115.062,,17.57901,12.50065,,False,False,False,3,7920
1718466648080,115.2616,,19.13532,12.4978,,False,False,False,3,7920
1718466648286,115.4666,,20.68232,12.50139,,False,False,False,3,7920
1718466648486,115.6661,,22.26552,12.50077,,False,False,False,3,7920
1718466648561,115.74,,22.90552,12.50059,Pallet,False,False,False,3,7920
1718466648682,115.8633,,23.74952,12.50179,,False,False,False,3,7930
1718466648703,115.88,,23.90952,12.50135,Pallet,False,False,False,3,7930
1718466648840,116.02,,24.91564,12.50058,Pallet,False,False,False,3,7940
1718466648884,116.0656,,25.14819,12.50069,,False,False,False,3,7950
1718466648984,116.16,,25.94818,12.50057,Pallet,False,False,False,3,7950
1718466649082,116.2628,,26.73862,12.50175,,False,False,False,3,7960
1718466649101,116.28,,26.89862,12.50132,Pallet,False,False,False,3,7960
1718466649245,116.42,,27.97696,12.50031,Pallet,False,False,False,3,7970
1718466649289,116.4694,,28.28832,12.50071,,False,False,False,3,7980
1718466649335,116.516,Down,28.60832,12.50062,,False,False,False,3,7980
1718466649360,116.54,,28.92832,12.50058,Pallet,False,False,False,3,7980
1718466649481,116.6617,,29.83263,12.50089,,False,False,False,3,7990
1718466649499,116.68,,29.99263,12.50077,Pallet,False,False,False,3,7990
1718466649626,116.8,,30.52518,12.03789,Pallet,False,False,False,3,8000
1718466649684,116.8653,,30.49829,11.55981,,False,False,False,3,8010
1718466649739,116.92,,30.49996,11.07981,Pallet,False,False,False,3,8010
1718466649881,117.0622,Left,30.50063,10.03406,,False,False,False,3,8020
1718466649882,117.0622,,30.50063,10.03406,,False,False,False,3,8020
1718466650086,117.2662,,29.40598,9.500724,,False,False,False,3,8020
1718466650283,117.4643,,27.94872,9.500926,,False,False,False,3,8020
1718466650367,117.5484,Right,27.27701,9.499178,,False,False,False,3,8020
1718466650484,117.6657,,28.15452,9.501534,,False,False,False,3,8020
1718466650680,117.8614,,29.74593,9.502203,,False,False,False,3,8020
1718466650699,117.88,Down,29.90593,9.501609,,False,False,False,3,8020
1718466650879,118.0602,,30.50279,8.590645,,False,False,False,3,8020
1718466650934,118.1152,Left,30.50147,8.270645,,False,False,False,3,8020
1718466651081,118.2624,,30.50058,6.990646,,False,False,False,3,8020
1718466651279,118.4605,,29.37852,6.498878,,False,False,False,3,8020
1718466651479,118.6602,,27.81422,6.49787,,False,False,False,3,8020
1718466651685,118.866,,26.21765,6.500584,,False,False,False,3,8020
1718466651880,119.0612,,24.64561,6.498785,,False,False,False,3,8020
1718466652083,119.2639,,23.04612,6.500551,,False,False,False,3,8020
1718466652279,119.4601,,21.46981,6.501766,,False,False,False,3,8020
1718466652482,119.6627,,19.87903,6.500838,,False,False,False,3,8020
1718466652682,119.8639,,18.34883,6.500336,,False,False,False,3,8020
1718466652883,120.0646,,16.84096,6.500661,,False,False,False,3,8020
1718466653086,120.2673,,15.25131,6.501765,,False,False,False,3,8020
1718466653106,120.28,,15.09131,6.501331,Pallet,False,False,False,3,8020
1718466653244,120.42,,14.08898,6.500583,Pallet,False,False,False,3,8030
1718466653284,120.4648,,13.87601,6.500739,,False,False,False,3,8040
1718466653345,120.52,,13.39601,6.500606,Power,True,False,False,3,8040
1718466653346,120.52,,13.39601,6.500606,Pallet,True,False,False,3,8040
1718466653482,120.6634,,12.32457,6.499906,,True,False,False,3,8090
1718466653529,120.7,,12.00457,6.500292,Pallet,True,False,False,3,8090
1718466653642,120.82,,11.04492,6.500551,Pallet,True,False,False,3,8100
1718466653684,120.8646,,10.75479,6.500798,,True,False,False,3,8110
1718466653761,120.94,,10.11479,6.500599,Pallet,True,False,False,3,8110
1718466653886,121.0665,,9.147775,6.5011,,True,False,False,3,8120
1718466653903,121.08,,8.987775,6.500906,Pallet,True,False,False,3,8120
1718466654022,121.2,,8.025301,6.500368,Pallet,True,False,False,3,8130
1718466654084,121.2658,,7.55563,6.500665,,True,False,False,3,8140
1718466654146,121.32,,7.075631,6.500587,Pallet,True,False,False,3,8140
1718466654281,121.4619,,6.017614,6.500298,,True,False,False,3,8150
1718466654485,121.6657,,4.478011,6.501354,,True,False,False,3,8150
1718466654681,121.8628,,2.896242,6.500902,,True,False,False,3,8150
1718466654882,122.063,,1.416099,6.503121,,True,False,False,3,8150
1718466655082,122.2634,,-0.1456239,6.500636,,True,False,False,3,8150
1718466655281,122.462,,-1.704385,6.501446,,True,False,False,3,8150
1718466655483,122.6634,,-3.317745,6.500473,,True,False,False,3,8150
1718466655680,122.8605,,-4.890955,6.500598,,True,False,False,3,8150
1718466655880,123.0613,,-6.498109,6.49946,,True,False,False,3,8150
1718466656006,123.187,Down,-7.450272,6.50065,,True,False,False,3,8150
1718466656080,123.2624,,-8.028208,6.500889,,True,False,False,3,8150
1718466656281,123.4616,,-9.477741,6.338134,,True,False,False,3,8150
1718466656484,123.665,,-9.499412,4.834569,,True,False,False,3,8150
1718466656494,123.6751,Left,-9.499412,4.834569,,True,False,False,3,8150
1718466656685,123.8662,,-9.819445,3.55457,,True,False,False,3,8150
1718466656882,124.0633,,-11.27951,3.50025,,True,False,False,3,8150
1718466657086,124.2667,,-12.80883,3.500499,,True,False,False,3,8150
1718466657283,124.4639,,-14.29747,3.500659,,True,False,False,3,8150
1718466657481,124.66,,-15.88066,3.499815,Pallet,True,False,False,3,8150
1718466657482,124.6632,,-15.88066,3.499815,,True,False,False,3,8160
1718466657620,124.8,,-17.01415,3.499991,Pallet,True,False,False,3,8160
1718466657679,124.8604,,-17.49706,3.499443,,True,False,False,3,8170
1718466657744,124.92,,-17.97705,3.500267,Pallet,True,False,False,3,8170
1718466657865,125.04,,-18.92848,3.500584,Pallet,True,False,False,3,8180
1718466657883,125.0644,,-19.024,3.500879,,True,False,False,3,8190
1718466658006,125.18,,-19.99306,3.500784,Pallet,True,False,False,3,8190
1718466658081,125.2625,,-20.63227,3.500597,,True,False,False,3,8200
1718466658125,125.3,,-20.95227,3.500575,Pallet,True,False,False,3,8200
1718466658244,125.42,,-21.87902,3.5006,Pallet,True,False,False,3,8210
1718466658281,125.4622,,-22.20727,3.49752,,True,False,False,3,8220
1718466658384,125.56,,-23.00727,3.500233,Pallet,True,False,False,3,8220
1718466658481,125.6626,,-23.80932,3.500359,,True,False,False,3,8230
1718466658505,125.68,,-23.96932,3.500431,Pallet,True,False,False,3,8230
1718466658620,125.8,,-24.91446,3.500592,Pallet,True,False,False,3,8240
1718466658683,125.8637,,-25.30231,3.500653,,True,False,False,3,8250
1718466658761,125.94,,-25.94231,3.500576,Pallet,True,False,False,3,8250
1718466658886,126.06,,-26.88777,3.501228,Pallet,True,False,False,3,8260
1718466658887,126.0674,,-26.88777,3.501228,,True,False,False,3,8270
1718466659024,126.2,,-28.0216,3.499994,Pallet,True,False,False,3,8270
1718466659082,126.2624,,-28.5053,3.499302,,True,False,False,3,8280
1718466659144,126.32,,-28.9853,3.500231,Pallet,True,False,False,3,8280
1718466659282,126.4629,,-30.10165,3.500571,,True,False,False,3,8290
1718466659346,126.5276,Down,-30.58165,3.500571,,True,False,False,3,8290
1718466659484,126.6659,,-30.50075,2.387553,,True,False,False,3,8290
1718466659683,126.8646,,-30.49929,0.8436711,,True,False,False,3,8290
1718466659884,127.065,,-30.49938,-0.7279099,,True,False,False,3,8290
1718466660082,127.2639,,-30.50087,-2.336541,,True,False,False,3,8290
1718466660259,127.4405,Right,-30.49595,-3.773555,,True,False,False,3,8290
1718466660283,127.4642,,-30.49576,-3.933555,,True,False,False,3,8290
1718466660479,127.6604,,-30.49936,-5.459282,,True,False,False,3,8290
1718466660679,127.8602,,-29.89605,-6.507194,,True,False,False,3,8290
1718466660882,128.0625,,-28.33176,-6.498847,,True,False,False,3,8290
1718466661082,128.2631,,-26.77505,-6.491924,,True,False,False,3,8290
1718466661284,128.4649,,-25.16168,-6.499827,,True,False,False,3,8290
1718466661490,128.6714,,-23.58792,-6.499294,,False,False,False,3,8290
1718466661514,128.6946,Left,-23.42792,-6.499349,,False,False,False,3,8290
1718466661682,128.8639,,-24.74652,-6.499301,,False,False,False,3,8290
1718466661880,129.0614,,-26.22572,-6.499154,,False,False,False,3,8290
1718466662082,129.2631,,-27.83902,-6.49986,,False,False,False,3,8290
1718466662284,129.4651,,-29.41363,-6.499293,,False,False,False,3,8290
1718466662345,129.5266,Down,-29.89363,-6.499402,,False,False,False,3,8290
1718466662487,129.6685,,-30.50148,-6.979414,,False,False,False,3,8290
1718466662685,129.8658,,-30.49824,-8.516508,,False,False,False,3,8290
1718466662881,130.0612,,-30.49501,-10.08117,,False,False,False,3,8290
1718466663080,130.2613,,-30.4987,-11.6878,,False,False,False,3,8290
1718466663200,130.3812,Right,-30.49761,-12.6498,,False,False,False,3,8290
1718466663281,130.4613,,-30.49705,-13.27162,,False,False,False,3,8290
1718466663482,130.6636,,-30.49941,-14.76727,,False,False,False,3,8290
1718466663683,130.8636,,-29.55166,-15.50054,,False,False,False,3,8290
1718466663885,131.0658,,-28.0126,-15.49915,,False,False,False,3,8290
1718466664082,131.2634,,-26.4563,-15.4981,,False,False,False,3,8290
1718466664284,131.4657,,-24.84285,-15.49957,,False,False,False,3,8290
1718466664485,131.6665,,-23.27033,-15.49938,,False,False,False,3,8290
1718466664683,131.864,,-21.67767,-15.50226,,False,False,False,3,8290
1718466664882,132.0638,,-20.09942,-15.49941,,False,False,False,3,8290
1718466665080,132.2608,,-18.54424,-15.49936,,False,False,False,3,8290
1718466665281,132.4618,,-16.98988,-15.49913,,False,False,False,3,8290
1718466665479,132.6601,,-15.38751,-15.49939,,False,False,False,3,8290
1718466665682,132.8632,,-13.83344,-15.49976,,False,False,False,3,8290
1718466665881,133.0618,,-12.2509,-15.49939,,False,False,False,3,8290
1718466666082,133.263,,-10.86357,-15.49928,,False,False,False,3,8290
1718466666145,133.3262,Left,-10.38357,-15.4994,,False,False,False,3,8290
1718466666284,133.4652,,-11.52824,-15.49944,,False,False,False,3,8290
1718466666484,133.6655,,-13.11488,-15.49914,,False,False,False,3,8290
1718466666680,133.861,,-14.62442,-15.4994,,False,False,False,3,8290
1718466666886,134.067,,-16.21215,-15.49921,,False,False,False,3,8290
1718466667079,134.2602,,-17.81216,-15.49947,,False,False,False,3,8290
1718466667283,134.464,,-19.32662,-15.49972,,False,False,False,3,8290
1718466667353,134.5341,Up,-19.80662,-15.49951,,False,False,False,3,8290
1718466667483,134.664,,-20.90922,-15.4994,,False,False,False,3,8290
1718466667680,134.8621,,-22.40574,-15.50167,,False,False,False,3,8290
1718466667883,135.0644,,-22.49652,-13.99053,,False,False,False,3,8290
1718466667941,135.1218,Right,-22.49909,-13.50677,,False,False,False,3,8290
1718466668080,135.2608,,-22.33938,-12.54677,,False,False,False,3,8290
1718466668285,135.4664,,-20.86182,-12.4993,,False,False,False,3,8290
1718466668485,135.6661,,-19.27851,-12.50067,,False,False,False,3,8290
1718466668682,135.8627,,-17.66193,-12.50133,,False,False,False,3,8290
1718466668881,136.0614,,-16.0698,-12.49942,,False,False,False,3,8290
1718466669081,136.2623,,-14.5225,-12.49939,,False,False,False,3,8290
1718466669282,136.4626,,-12.94957,-12.49942,,False,False,False,3,8290
1718466669481,136.6622,,-11.34224,-12.50013,,False,False,False,3,8290
1718466669679,136.8605,,-9.803749,-12.49699,,False,False,False,3,8290
1718466669699,136.8795,Up,-9.803749,-12.49699,,False,False,False,3,8290
1718466669881,137.0621,,-8.523829,-12.1773,,False,False,False,3,8290
1718466669899,137.08,,-8.471511,-12.03677,Pallet,False,False,False,3,8290
1718466670022,137.2,,-8.499449,-11.07896,Pallet,False,False,False,3,8300
1718466670081,137.2619,,-8.498865,-10.67163,,False,False,False,3,8310
1718466670095,137.2771,Left,-8.498865,-10.67163,,False,False,False,3,8310
1718466670282,137.4632,,-8.953095,-9.486391,,False,False,False,3,8310
1718466670484,137.6652,,-10.44328,-9.499368,,False,False,False,3,8310
1718466670686,137.8663,,-11.99152,-9.499658,,False,False,False,3,8310
1718466670840,138.0207,Up,-13.23475,-9.499197,,False,False,False,3,8310
1718466670880,138.0608,,-13.55475,-9.499342,,False,False,False,3,8310
1718466671079,138.2605,,-15.16663,-9.500368,,False,False,False,3,8310
1718466671286,138.4679,,-16.74923,-9.499388,,False,False,False,3,8310
1718466671485,138.6663,,-18.14036,-9.49929,,False,False,False,3,8310
1718466671683,138.8636,,-19.72323,-9.500707,,False,False,False,3,8310
1718466671880,139.0605,,-21.34105,-9.500841,,False,False,False,3,8310
1718466672084,139.2655,,-22.93511,-9.499418,,False,False,False,3,8310
1718466672283,139.4646,,-24.49722,-9.499911,,False,False,False,3,8310
1718466672483,139.664,,-26.02466,-9.49912,,False,False,False,3,8310
1718466672683,139.8642,,-27.63319,-9.499404,,False,False,False,3,8310
1718466672884,140.0645,,-29.20898,-9.497557,,False,False,False,3,8310
1718466673082,140.2625,,-30.49108,-9.181309,,False,False,False,3,8310
1718466673280,140.4612,,-30.49813,-7.650341,,False,False,False,3,8310
1718466673329,140.5097,Right,-30.4989,-7.330341,,False,False,False,3,8310
1718466673481,140.6627,,-30.03737,-6.477363,,False,False,False,3,8310
1718466673684,140.8652,,-28.5127,-6.499122,,False,False,False,3,8310
1718466673880,141.0611,,-27.01727,-6.499271,,False,False,False,3,8310
1718466674082,141.2632,,-25.49915,-6.49988,,False,False,False,3,8310
1718466674281,141.4628,,-23.9612,-6.49909,,False,False,False,3,8310
1718466674484,141.6656,,-22.34396,-6.499719,,False,False,False,3,8310
1718466674683,141.8635,,-20.81149,-6.501939,,False,False,False,3,8310
1718466674883,142.0634,,-19.21359,-6.49945,,False,False,False,3,8310
1718466675084,142.2647,,-17.64089,-6.500974,,False,False,False,3,8310
1718466675282,142.4634,,-16.04091,-6.499457,,False,False,False,3,8310
1718466675415,142.5963,Up,-15.10618,-6.499407,,False,False,False,3,8310
1718466675482,142.6627,,-14.46197,-6.482269,,False,False,False,3,8310
1718466675543,142.72,,-14.51908,-6.022327,Pallet,False,False,False,3,8310
1718466675662,142.84,,-14.49952,-5.063205,Pallet,False,False,False,3,8320
1718466675680,142.8613,,-14.49952,-5.063205,,False,False,False,3,8330
1718466675883,143.0642,,-14.49952,-5.063205,,False,False,False,3,8330
1718466676081,143.263,,-14.49952,-5.063205,,False,False,False,3,8330
1718466676279,143.4606,,-14.49952,-5.063205,,False,False,False,3,8330
1718466676484,143.6648,,-14.49952,-5.063205,,False,False,False,3,8330
1718466676682,143.8639,,-14.49952,-5.063205,,False,False,False,3,8330
1718466676879,144.06,,-14.49952,-5.063205,,False,False,False,3,8330
1718466677084,144.2654,,-14.49952,-5.063205,,False,False,False,3,8330
1718466677281,144.4615,,-14.49952,-5.063205,,False,False,False,3,8330
1718466677481,144.6613,,-14.49952,-5.063205,,False,False,False,3,8330
1718466677684,144.8653,,-14.49952,-5.063205,,False,False,False,3,8330
1718466677887,145.0683,,-14.49952,-5.063205,,False,False,False,3,8330
1718466678085,145.2669,,-14.49952,-5.063205,,False,False,False,3,8330
1718466678283,145.4642,,-14.49952,-5.063205,,False,False,False,3,8330
